"ORDER_ID","ORDER_TMS","CUSTOMER_ID","ORDER_STATUS","STORE_ID"
792,13.09.21 04:00:07,171604000,271,"COMPLETE",1
793,13.09.21 13:35:16,589378000,189,"COMPLETE",1
794,13.09.21 14:43:07,711020000,326,"COMPLETE",7
795,13.09.21 21:54:11,860987000,33,"COMPLETE",1
796,14.09.21 03:49:09,408125000,124,"COMPLETE",1
797,14.09.21 12:34:45,663632000,71,"COMPLETE",1
798,14.09.21 20:57:11,301929000,263,"COMPLETE",1
799,15.09.21 02:14:38,589428000,332,"COMPLETE",1
800,15.09.21 04:15:57,350477000,136,"COMPLETE",1
801,15.09.21 10:29:28,102273000,344,"COMPLETE",1
802,15.09.21 14:51:22,725333000,381,"COMPLETE",1
803,16.09.21 00:59:07,298134000,299,"COMPLETE",9
804,16.09.21 01:50:55,331837000,107,"COMPLETE",1
805,16.09.21 03:24:41,791705000,182,"COMPLETE",1
806,16.09.21 16:02:36,192734000,63,"COMPLETE",5
807,16.09.21 20:21:02,742335000,289,"COMPLETE",1
808,17.09.21 15:02:22,353313000,14,"COMPLETE",1
809,17.09.21 21:37:42,477631000,326,"COMPLETE",1
810,18.09.21 08:12:35,904514000,66,"COMPLETE",8
811,18.09.21 21:04:41,210375000,37,"COMPLETE",8
812,18.09.21 23:49:38,313869000,49,"COMPLETE",1
813,19.09.21 01:09:22,189744000,383,"COMPLETE",6
814,19.09.21 10:58:39,958788000,169,"COMPLETE",1
815,19.09.21 12:48:58,570308000,322,"COMPLETE",3
816,19.09.21 15:07:32,513277000,85,"COMPLETE",1
817,19.09.21 16:01:13,551826000,120,"COMPLETE",1
818,19.09.21 17:02:37,540134000,204,"COMPLETE",1
819,19.09.21 23:19:53,704494000,141,"COMPLETE",1
820,19.09.21 23:57:34,254779000,102,"COMPLETE",1
821,20.09.21 01:29:22,917126000,166,"COMPLETE",1
822,20.09.21 07:22:34,879259000,54,"COMPLETE",1
823,20.09.21 13:41:09,486273000,100,"COMPLETE",1
824,20.09.21 19:29:46,761878000,157,"COMPLETE",12
825,21.09.21 09:25:10,748599000,75,"COMPLETE",1
826,21.09.21 12:10:43,523498000,28,"COMPLETE",1
827,21.09.21 16:09:05,747852000,132,"COMPLETE",1
828,21.09.21 18:03:49,739002000,380,"COMPLETE",3
829,21.09.21 20:58:21,150005000,357,"COMPLETE",1
830,21.09.21 21:30:25,117459000,222,"COMPLETE",1
831,21.09.21 22:38:10,508445000,206,"COMPLETE",3
832,22.09.21 10:12:29,878125000,3,"COMPLETE",3
833,22.09.21 14:07:46,387683000,388,"COMPLETE",1
834,22.09.21 16:45:34,647360000,77,"COMPLETE",1
835,22.09.21 19:44:46,434859000,88,"COMPLETE",1
836,23.09.21 04:00:34,172495000,229,"COMPLETE",1
837,23.09.21 10:35:27,453564000,310,"COMPLETE",1
838,23.09.21 18:31:18,439301000,213,"COMPLETE",10
839,24.09.21 00:55:09,647618000,12,"COMPLETE",12
840,24.09.21 05:10:37,457068000,330,"COMPLETE",1
841,24.09.21 13:28:43,783625000,63,"COMPLETE",5
842,24.09.21 14:51:32,606564000,220,"COMPLETE",1
843,24.09.21 19:31:54,502758000,363,"COMPLETE",1
844,24.09.21 22:57:28,430085000,303,"COMPLETE",1
845,25.09.21 06:32:29,749193000,311,"COMPLETE",1
846,25.09.21 09:41:08,539438000,350,"COMPLETE",2
847,25.09.21 14:00:27,715942000,37,"COMPLETE",8
848,25.09.21 15:02:58,589049000,51,"COMPLETE",1
849,26.09.21 04:29:39,472854000,34,"COMPLETE",1
850,26.09.21 05:05:32,180764000,146,"COMPLETE",1
851,26.09.21 05:29:58,918586000,289,"COMPLETE",1
852,26.09.21 06:00:22,730514000,327,"COMPLETE",1
853,26.09.21 13:59:46,362939000,75,"COMPLETE",1
854,26.09.21 15:09:25,986036000,119,"COMPLETE",3
855,27.09.21 00:43:09,175222000,268,"COMPLETE",1
856,27.09.21 11:30:33,005819000,180,"CANCELLED",1
857,27.09.21 19:22:15,727044000,375,"COMPLETE",1
858,27.09.21 21:36:02,260639000,40,"COMPLETE",1
859,28.09.21 01:06:25,246670000,109,"COMPLETE",1
860,28.09.21 04:38:00,949742000,346,"COMPLETE",1
861,28.09.21 08:35:00,907490000,335,"COMPLETE",1
862,29.09.21 01:30:09,602519000,7,"COMPLETE",7
863,29.09.21 06:06:24,234940000,239,"COMPLETE",7
864,29.09.21 07:40:39,620064000,153,"COMPLETE",8
865,29.09.21 09:05:25,029499000,364,"COMPLETE",1
866,29.09.21 19:39:01,710916000,324,"COMPLETE",1
867,29.09.21 19:57:16,870456000,99,"COMPLETE",1
868,30.09.21 03:11:40,392952000,185,"COMPLETE",1
869,30.09.21 03:20:54,070037000,261,"COMPLETE",1
870,30.09.21 03:30:18,925604000,97,"COMPLETE",1
871,30.09.21 09:06:20,589936000,292,"COMPLETE",1
872,30.09.21 09:30:39,448767000,332,"COMPLETE",1
873,30.09.21 21:49:22,678804000,182,"COMPLETE",8
874,01.10.21 01:37:02,762041000,281,"COMPLETE",1
875,01.10.21 02:31:38,370994000,90,"COMPLETE",1
876,01.10.21 06:48:31,580309000,349,"COMPLETE",1
877,01.10.21 16:01:35,073518000,122,"COMPLETE",6
878,01.10.21 17:03:41,096154000,350,"COMPLETE",1
879,01.10.21 22:15:47,703200000,77,"COMPLETE",1
880,02.10.21 07:17:53,238646000,224,"COMPLETE",1
881,02.10.21 16:58:55,715259000,248,"COMPLETE",1
882,02.10.21 22:04:30,260184000,265,"COMPLETE",4
883,03.10.21 00:04:52,428308000,121,"COMPLETE",1
884,03.10.21 03:03:10,979326000,189,"COMPLETE",1
885,03.10.21 05:43:26,198637000,171,"COMPLETE",1
886,03.10.21 06:12:33,116744000,54,"COMPLETE",1
887,03.10.21 16:00:59,564940000,206,"COMPLETE",1
888,03.10.21 17:24:42,616517000,228,"COMPLETE",1
889,03.10.21 19:59:51,998323000,150,"COMPLETE",5
890,04.10.21 06:01:46,085084000,379,"COMPLETE",1
891,05.10.21 17:30:26,191267000,61,"COMPLETE",1
892,05.10.21 18:35:12,647840000,208,"COMPLETE",1
893,05.10.21 23:23:42,224134000,116,"COMPLETE",1
894,06.10.21 10:24:43,846048000,317,"COMPLETE",1
895,06.10.21 15:04:25,976974000,301,"COMPLETE",11
896,06.10.21 16:24:35,399718000,192,"COMPLETE",1
897,06.10.21 17:46:59,915439000,203,"COMPLETE",1
898,06.10.21 20:22:00,585315000,91,"COMPLETE",4
899,06.10.21 20:37:49,467272000,17,"COMPLETE",1
900,07.10.21 00:50:41,609052000,98,"COMPLETE",11
901,07.10.21 03:01:14,865421000,248,"COMPLETE",1
902,07.10.21 03:23:49,894589000,152,"COMPLETE",7
903,07.10.21 03:57:52,732367000,224,"COMPLETE",1
904,07.10.21 09:37:13,446742000,258,"COMPLETE",1
905,07.10.21 15:20:44,815032000,122,"COMPLETE",1
906,07.10.21 20:20:35,385258000,370,"COMPLETE",1
907,07.10.21 23:51:26,714826000,382,"COMPLETE",1
908,08.10.21 08:13:06,842274000,350,"COMPLETE",2
909,08.10.21 12:31:28,594646000,157,"COMPLETE",12
910,08.10.21 15:12:20,205448000,103,"COMPLETE",1
911,09.10.21 03:57:59,075352000,362,"COMPLETE",1
912,09.10.21 04:22:12,704849000,165,"COMPLETE",1
913,09.10.21 06:15:41,007769000,212,"COMPLETE",9
914,09.10.21 09:28:26,675260000,163,"COMPLETE",1
915,09.10.21 09:58:10,531857000,43,"COMPLETE",14
916,09.10.21 10:15:31,587345000,321,"COMPLETE",1
917,09.10.21 11:02:28,684829000,45,"COMPLETE",1
918,09.10.21 18:18:12,993863000,118,"COMPLETE",1
919,10.10.21 00:31:43,059773000,238,"COMPLETE",6
920,10.10.21 04:55:19,471734000,4,"COMPLETE",4
921,10.10.21 10:48:53,165845000,134,"COMPLETE",1
922,10.10.21 11:46:09,768559000,346,"COMPLETE",1
923,10.10.21 11:46:40,328005000,118,"COMPLETE",2
924,10.10.21 15:09:38,457042000,355,"COMPLETE",1
925,10.10.21 17:10:10,006522000,275,"COMPLETE",1
926,10.10.21 19:45:22,632255000,359,"COMPLETE",1
927,10.10.21 19:56:03,295974000,146,"COMPLETE",1
928,11.10.21 04:03:45,848273000,9,"COMPLETE",1
929,11.10.21 04:04:42,712426000,294,"COMPLETE",4
930,11.10.21 04:31:55,279958000,190,"COMPLETE",1
931,11.10.21 09:13:47,258382000,153,"COMPLETE",1
932,11.10.21 10:41:30,336912000,334,"COMPLETE",1
933,11.10.21 11:25:07,727638000,299,"COMPLETE",1
934,11.10.21 22:16:05,713380000,240,"COMPLETE",1
935,12.10.21 05:00:03,436544000,385,"COMPLETE",8
936,12.10.21 20:15:39,717974000,124,"COMPLETE",8
937,13.10.21 00:51:13,587219000,255,"COMPLETE",1
938,13.10.21 11:01:46,264225000,318,"COMPLETE",1
939,13.10.21 12:39:51,912689000,257,"COMPLETE",1
940,13.10.21 15:21:58,518359000,161,"COMPLETE",1
941,13.10.21 16:25:23,567854000,362,"COMPLETE",1
942,14.10.21 01:38:42,282479000,214,"COMPLETE",11
943,14.10.21 03:37:42,139148000,10,"COMPLETE",1
944,14.10.21 07:48:25,982079000,385,"COMPLETE",1
945,14.10.21 08:18:41,435790000,274,"COMPLETE",1
946,14.10.21 23:23:00,864685000,236,"COMPLETE",4
947,15.10.21 04:52:27,352655000,29,"COMPLETE",1
948,15.10.21 14:12:40,653362000,175,"COMPLETE",1
949,15.10.21 15:01:58,037630000,147,"COMPLETE",1
950,15.10.21 17:58:32,401980000,7,"COMPLETE",1
951,15.10.21 20:23:53,591646000,237,"COMPLETE",5
952,15.10.21 20:32:12,541993000,207,"COMPLETE",1
953,16.10.21 07:17:42,686863000,358,"COMPLETE",10
954,16.10.21 16:08:34,878560000,118,"COMPLETE",1
955,16.10.21 19:05:38,448638000,33,"COMPLETE",1
956,17.10.21 02:42:46,350108000,328,"COMPLETE",1
957,17.10.21 02:52:15,766604000,384,"COMPLETE",1
958,17.10.21 03:19:08,095395000,237,"COMPLETE",1
959,17.10.21 03:44:38,681562000,266,"COMPLETE",5
960,17.10.21 08:14:25,241276000,11,"COMPLETE",1
961,17.10.21 08:49:41,072126000,123,"COMPLETE",7
962,17.10.21 18:56:59,683584000,111,"COMPLETE",1
963,17.10.21 23:13:46,811282000,156,"COMPLETE",11
964,17.10.21 23:22:43,517158000,301,"REFUNDED",1
965,18.10.21 04:03:27,162955000,130,"COMPLETE",1
966,18.10.21 08:28:06,850038000,244,"COMPLETE",1
967,18.10.21 10:58:11,666764000,33,"COMPLETE",1
968,18.10.21 11:26:07,286451000,9,"COMPLETE",1
969,18.10.21 13:12:40,413822000,95,"COMPLETE",8
970,18.10.21 21:52:33,531823000,25,"COMPLETE",1
971,19.10.21 04:36:22,602896000,364,"COMPLETE",1
972,19.10.21 13:08:36,540797000,6,"COMPLETE",6
973,19.10.21 13:31:42,130271000,121,"COMPLETE",5
974,19.10.21 16:30:09,442692000,173,"COMPLETE",1
975,19.10.21 20:09:31,286140000,391,"COMPLETE",1
976,20.10.21 03:45:01,932129000,161,"COMPLETE",1
977,20.10.21 10:31:01,533090000,188,"COMPLETE",1
978,20.10.21 17:41:07,589675000,369,"COMPLETE",1
979,20.10.21 18:42:46,387851000,43,"COMPLETE",14
980,20.10.21 22:49:24,989126000,207,"COMPLETE",4
981,21.10.21 05:15:07,725659000,27,"COMPLETE",1
982,21.10.21 15:02:11,955109000,213,"COMPLETE",1
983,22.10.21 00:27:15,853668000,170,"COMPLETE",1
984,22.10.21 02:06:03,610064000,180,"COMPLETE",6
985,22.10.21 03:50:55,633983000,184,"COMPLETE",1
986,22.10.21 05:59:46,862850000,10,"COMPLETE",10
987,23.10.21 01:49:54,173598000,201,"COMPLETE",1
988,23.10.21 02:13:12,317015000,234,"COMPLETE",1
1,04.02.21 13:20:22,245677000,3,"CANCELLED",1
2,08.02.21 20:58:10,472721000,45,"COMPLETE",1
3,09.02.21 23:17:07,242517000,18,"COMPLETE",1
4,10.02.21 13:43:36,061929000,45,"COMPLETE",1
5,11.02.21 18:01:30,906119000,2,"COMPLETE",1
6,13.02.21 20:11:48,702320000,74,"COMPLETE",1
7,22.02.21 00:57:11,011114000,9,"COMPLETE",1
8,22.02.21 15:00:52,003836000,109,"COMPLETE",1
9,23.02.21 13:25:26,824165000,127,"COMPLETE",1
10,23.02.21 14:02:10,185867000,106,"COMPLETE",1
11,24.02.21 02:05:31,903891000,68,"COMPLETE",1
12,24.02.21 09:54:16,110489000,127,"COMPLETE",1
13,24.02.21 11:44:43,690930000,99,"COMPLETE",1
14,24.02.21 17:50:02,729015000,101,"COMPLETE",1
15,26.02.21 17:43:17,366895000,119,"COMPLETE",1
16,26.02.21 23:42:54,082181000,119,"COMPLETE",1
17,27.02.21 07:47:46,606030000,16,"COMPLETE",1
18,28.02.21 18:42:54,719579000,39,"COMPLETE",1
19,01.03.21 06:09:26,634522000,49,"COMPLETE",1
20,01.03.21 10:07:32,467335000,3,"COMPLETE",3
21,01.03.21 18:38:27,438669000,144,"COMPLETE",1
22,01.03.21 22:55:29,698737000,80,"COMPLETE",1
23,02.03.21 11:52:28,359515000,67,"COMPLETE",1
24,02.03.21 15:53:19,496456000,81,"COMPLETE",1
25,03.03.21 06:39:48,533449000,42,"COMPLETE",1
26,03.03.21 09:30:59,972993000,126,"COMPLETE",1
27,03.03.21 16:28:34,339866000,148,"COMPLETE",1
28,05.03.21 00:33:33,690222000,139,"COMPLETE",1
29,06.03.21 11:03:10,204846000,55,"COMPLETE",1
30,06.03.21 17:53:59,405864000,206,"COMPLETE",1
31,07.03.21 10:12:11,248486000,122,"COMPLETE",1
32,07.03.21 19:55:05,581612000,32,"COMPLETE",3
33,08.03.21 01:20:10,569196000,65,"COMPLETE",1
34,09.03.21 00:16:29,279808000,71,"COMPLETE",1
35,09.03.21 13:25:35,573763000,31,"COMPLETE",1
36,10.03.21 02:51:51,860596000,217,"COMPLETE",1
37,10.03.21 21:37:23,229444000,116,"COMPLETE",1
38,11.03.21 15:23:33,673327000,131,"COMPLETE",1
39,12.03.21 00:53:54,816640000,193,"COMPLETE",1
40,12.03.21 07:14:13,124764000,194,"COMPLETE",1
41,12.03.21 13:27:22,180940000,115,"COMPLETE",1
42,12.03.21 16:57:16,442468000,184,"COMPLETE",1
43,12.03.21 23:47:56,795113000,121,"COMPLETE",1
44,13.03.21 05:28:48,295881000,162,"COMPLETE",1
45,13.03.21 14:51:24,003858000,81,"COMPLETE",1
46,14.03.21 00:26:31,884618000,73,"COMPLETE",1
47,14.03.21 09:59:09,696949000,115,"COMPLETE",1
48,14.03.21 14:54:16,350539000,71,"COMPLETE",1
49,14.03.21 15:59:04,218808000,121,"COMPLETE",1
50,15.03.21 08:04:35,364043000,135,"COMPLETE",1
51,15.03.21 08:40:04,771304000,65,"COMPLETE",1
52,15.03.21 13:35:30,310002000,229,"COMPLETE",1
53,16.03.21 01:21:22,224575000,224,"COMPLETE",1
54,16.03.21 17:21:33,275456000,227,"COMPLETE",1
55,17.03.21 06:01:16,749463000,62,"COMPLETE",1
56,17.03.21 09:37:37,836101000,84,"COMPLETE",1
57,18.03.21 03:02:21,657882000,168,"COMPLETE",1
58,18.03.21 04:07:52,903345000,61,"COMPLETE",1
59,19.03.21 12:14:18,810205000,244,"COMPLETE",1
60,20.03.21 00:07:13,591684000,23,"COMPLETE",1
61,21.03.21 05:14:10,770541000,162,"COMPLETE",1
62,22.03.21 00:08:19,213828000,200,"COMPLETE",1
63,22.03.21 06:17:24,214468000,3,"COMPLETE",1
64,22.03.21 06:48:22,843492000,219,"COMPLETE",1
65,22.03.21 17:38:04,080686000,161,"COMPLETE",1
66,22.03.21 17:50:53,273051000,60,"COMPLETE",1
67,23.03.21 05:10:28,203691000,187,"COMPLETE",1
68,23.03.21 06:23:19,410046000,86,"COMPLETE",1
69,24.03.21 02:01:00,119937000,155,"COMPLETE",1
70,24.03.21 10:38:02,420847000,96,"COMPLETE",1
71,25.03.21 01:40:29,672466000,247,"COMPLETE",1
72,26.03.21 21:12:19,453776000,80,"COMPLETE",1
73,27.03.21 04:56:01,176469000,258,"COMPLETE",1
74,27.03.21 07:48:10,178560000,235,"COMPLETE",1
75,27.03.21 08:54:31,232772000,146,"COMPLETE",1
76,27.03.21 20:02:49,082219000,249,"COMPLETE",1
77,28.03.21 08:53:58,780134000,294,"COMPLETE",1
78,28.03.21 09:56:00,702241000,20,"COMPLETE",1
79,29.03.21 03:35:02,671013000,14,"COMPLETE",1
80,29.03.21 05:44:21,693432000,44,"COMPLETE",1
81,29.03.21 05:46:44,037208000,195,"COMPLETE",1
82,30.03.21 00:19:54,871540000,13,"COMPLETE",1
83,30.03.21 01:19:34,323026000,115,"COMPLETE",1
84,30.03.21 07:44:21,385693000,67,"COMPLETE",1
85,30.03.21 15:14:58,018075000,31,"COMPLETE",1
86,30.03.21 19:34:15,517263000,151,"COMPLETE",1
87,30.03.21 20:24:08,648137000,55,"COMPLETE",1
88,30.03.21 21:04:14,258587000,295,"CANCELLED",1
89,31.03.21 00:14:14,480261000,303,"COMPLETE",1
90,31.03.21 14:06:13,251733000,175,"COMPLETE",1
91,31.03.21 17:47:52,111265000,219,"COMPLETE",1
92,01.04.21 08:20:52,778768000,17,"COMPLETE",1
93,01.04.21 21:11:42,186473000,172,"COMPLETE",1
94,02.04.21 04:26:46,144319000,259,"COMPLETE",1
95,02.04.21 10:11:48,391936000,322,"COMPLETE",1
96,02.04.21 17:05:23,339361000,271,"COMPLETE",1
97,03.04.21 00:12:46,501167000,126,"COMPLETE",1
98,03.04.21 10:11:21,598178000,226,"COMPLETE",1
99,03.04.21 10:37:21,480655000,135,"COMPLETE",1
100,03.04.21 14:39:45,554487000,338,"COMPLETE",1
101,03.04.21 23:02:19,623381000,225,"COMPLETE",1
102,04.04.21 02:37:24,276041000,94,"COMPLETE",1
103,04.04.21 16:13:44,134157000,62,"COMPLETE",1
104,04.04.21 19:39:28,432271000,319,"COMPLETE",1
105,05.04.21 00:42:42,523256000,259,"COMPLETE",1
106,05.04.21 11:43:57,688158000,259,"COMPLETE",1
107,06.04.21 15:59:33,280352000,341,"COMPLETE",1
108,07.04.21 03:36:13,843529000,91,"CANCELLED",1
109,07.04.21 13:02:12,606028000,149,"COMPLETE",1
110,07.04.21 15:01:50,107038000,206,"COMPLETE",1
111,07.04.21 15:07:59,629834000,373,"COMPLETE",1
112,07.04.21 23:15:41,182730000,335,"COMPLETE",1
113,09.04.21 06:40:53,751701000,323,"COMPLETE",4
114,09.04.21 14:43:29,780598000,314,"COMPLETE",1
115,09.04.21 14:50:09,874345000,176,"COMPLETE",1
116,09.04.21 15:52:10,041178000,322,"CANCELLED",1
117,09.04.21 16:00:04,714891000,274,"COMPLETE",1
118,09.04.21 21:50:07,095476000,278,"COMPLETE",1
119,09.04.21 22:19:40,972888000,76,"COMPLETE",1
120,10.04.21 01:52:56,425283000,327,"COMPLETE",1
121,10.04.21 05:09:24,395871000,273,"COMPLETE",1
122,10.04.21 07:38:06,979830000,202,"COMPLETE",1
123,10.04.21 08:05:01,131949000,106,"COMPLETE",1
124,10.04.21 08:21:51,001178000,219,"COMPLETE",1
125,10.04.21 12:41:39,268531000,12,"COMPLETE",1
126,10.04.21 13:43:48,050954000,204,"COMPLETE",1
127,11.04.21 01:00:20,456868000,216,"COMPLETE",1
128,11.04.21 05:16:30,989732000,115,"COMPLETE",1
129,11.04.21 13:33:49,764186000,343,"COMPLETE",1
130,11.04.21 17:02:36,819491000,116,"COMPLETE",1
131,11.04.21 21:07:40,584112000,206,"COMPLETE",1
132,12.04.21 01:14:57,734241000,17,"COMPLETE",1
133,12.04.21 01:23:34,808786000,345,"COMPLETE",1
134,12.04.21 16:26:47,079442000,289,"COMPLETE",1
135,13.04.21 03:44:15,892731000,374,"COMPLETE",1
136,13.04.21 06:11:26,657591000,276,"COMPLETE",1
137,13.04.21 10:16:51,407227000,63,"COMPLETE",1
138,13.04.21 15:51:25,459356000,301,"COMPLETE",1
139,13.04.21 20:44:39,773718000,254,"COMPLETE",1
140,14.04.21 03:41:50,296399000,162,"COMPLETE",1
141,15.04.21 05:43:35,682548000,123,"COMPLETE",1
142,15.04.21 20:27:26,810978000,135,"COMPLETE",1
143,16.04.21 09:47:59,984951000,348,"COMPLETE",1
144,16.04.21 15:00:09,932984000,124,"COMPLETE",1
145,16.04.21 23:20:01,292566000,254,"COMPLETE",1
146,17.04.21 05:24:48,203524000,270,"COMPLETE",1
147,17.04.21 15:18:57,440135000,246,"COMPLETE",1
148,17.04.21 18:04:22,086526000,100,"COMPLETE",1
149,17.04.21 21:24:54,090159000,189,"COMPLETE",1
150,18.04.21 03:55:30,431257000,229,"COMPLETE",1
151,18.04.21 06:04:56,490615000,274,"COMPLETE",1
152,18.04.21 23:15:12,725052000,300,"COMPLETE",1
153,19.04.21 05:50:51,109325000,387,"COMPLETE",1
154,19.04.21 06:47:14,698648000,160,"COMPLETE",1
155,20.04.21 01:52:47,895943000,90,"COMPLETE",1
156,20.04.21 05:08:57,494831000,326,"CANCELLED",1
157,20.04.21 07:37:24,718776000,245,"COMPLETE",1
158,20.04.21 09:15:18,322658000,387,"COMPLETE",1
159,20.04.21 12:51:57,254596000,1,"COMPLETE",1
160,21.04.21 05:53:24,019355000,175,"COMPLETE",1
161,21.04.21 07:47:44,059611000,337,"COMPLETE",1
162,21.04.21 22:34:52,953109000,392,"COMPLETE",1
163,21.04.21 22:38:17,641404000,156,"COMPLETE",1
164,22.04.21 11:32:50,381402000,241,"COMPLETE",1
165,22.04.21 12:38:28,987351000,69,"COMPLETE",1
166,22.04.21 13:04:31,006861000,314,"COMPLETE",1
167,22.04.21 15:03:31,376537000,117,"COMPLETE",1
168,23.04.21 00:10:57,245088000,180,"COMPLETE",1
169,23.04.21 00:19:42,225491000,337,"COMPLETE",1
170,23.04.21 01:45:57,903981000,182,"COMPLETE",1
171,23.04.21 19:19:57,191071000,273,"COMPLETE",1
172,23.04.21 19:54:43,764171000,70,"COMPLETE",1
173,24.04.21 00:26:37,590218000,212,"COMPLETE",1
174,24.04.21 01:48:48,690822000,228,"COMPLETE",1
175,24.04.21 13:11:27,431193000,172,"COMPLETE",1
176,25.04.21 00:29:37,501603000,154,"CANCELLED",1
177,25.04.21 08:41:10,529474000,179,"COMPLETE",1
178,25.04.21 12:50:12,923674000,220,"COMPLETE",1
179,25.04.21 17:42:12,231884000,266,"COMPLETE",1
180,25.04.21 20:21:45,478008000,253,"COMPLETE",1
181,26.04.21 02:05:01,398683000,300,"COMPLETE",1
182,26.04.21 03:56:02,680569000,1,"COMPLETE",1
183,26.04.21 04:01:12,351323000,334,"COMPLETE",1
184,26.04.21 05:13:15,426435000,22,"COMPLETE",1
185,26.04.21 19:21:28,667825000,271,"COMPLETE",1
186,26.04.21 20:57:05,724055000,32,"COMPLETE",1
187,26.04.21 23:30:23,092553000,93,"COMPLETE",1
188,27.04.21 00:32:50,168579000,62,"COMPLETE",1
189,27.04.21 00:44:28,661441000,321,"COMPLETE",1
190,27.04.21 05:31:26,708226000,315,"COMPLETE",1
191,27.04.21 11:55:21,710109000,314,"COMPLETE",1
192,27.04.21 20:39:55,948422000,286,"COMPLETE",1
193,28.04.21 06:15:02,034924000,111,"COMPLETE",1
194,28.04.21 06:33:36,431784000,182,"COMPLETE",1
195,28.04.21 15:35:30,371374000,135,"COMPLETE",1
196,28.04.21 16:53:48,264575000,8,"COMPLETE",1
197,28.04.21 21:24:04,137214000,29,"COMPLETE",1
198,28.04.21 22:23:56,681264000,319,"COMPLETE",1
199,28.04.21 23:35:00,556353000,29,"COMPLETE",1
200,29.04.21 04:26:10,682800000,24,"COMPLETE",1
201,29.04.21 11:48:01,437203000,1,"COMPLETE",1
202,29.04.21 20:13:30,793183000,345,"COMPLETE",1
203,29.04.21 23:39:26,476157000,117,"COMPLETE",1
204,30.04.21 11:39:15,779302000,6,"COMPLETE",1
205,30.04.21 17:09:57,777739000,173,"COMPLETE",1
206,01.05.21 01:50:56,528512000,221,"COMPLETE",1
207,01.05.21 09:13:44,015377000,121,"COMPLETE",1
208,01.05.21 09:25:54,859646000,326,"COMPLETE",1
209,01.05.21 12:05:23,643794000,302,"COMPLETE",1
210,02.05.21 04:57:03,726197000,34,"CANCELLED",5
211,02.05.21 05:25:37,688227000,350,"COMPLETE",1
212,02.05.21 08:50:23,255354000,381,"COMPLETE",1
213,02.05.21 11:34:38,604576000,301,"COMPLETE",1
214,02.05.21 13:17:33,661108000,334,"COMPLETE",1
215,02.05.21 20:47:37,537559000,98,"COMPLETE",1
216,03.05.21 03:13:51,072774000,58,"COMPLETE",1
217,03.05.21 05:11:54,569418000,315,"COMPLETE",1
218,03.05.21 18:11:41,862495000,183,"COMPLETE",1
219,03.05.21 18:39:18,072937000,238,"COMPLETE",1
220,03.05.21 18:53:39,923727000,240,"COMPLETE",1
221,04.05.21 00:03:35,317879000,193,"COMPLETE",1
222,04.05.21 01:28:40,183375000,356,"COMPLETE",1
223,04.05.21 18:14:39,627448000,166,"COMPLETE",1
224,04.05.21 19:01:34,415549000,105,"COMPLETE",1
225,05.05.21 01:39:39,072421000,184,"COMPLETE",1
226,05.05.21 02:55:08,769075000,37,"COMPLETE",1
227,05.05.21 04:31:44,723448000,27,"COMPLETE",1
228,05.05.21 07:34:01,673369000,154,"COMPLETE",1
229,05.05.21 09:11:42,912015000,117,"COMPLETE",1
230,06.05.21 01:13:20,560713000,62,"COMPLETE",1
231,06.05.21 08:42:52,595641000,261,"COMPLETE",1
232,06.05.21 12:43:49,810513000,142,"COMPLETE",1
233,06.05.21 13:17:41,057694000,63,"COMPLETE",1
234,06.05.21 14:00:00,959300000,245,"COMPLETE",1
235,06.05.21 16:53:57,923997000,303,"COMPLETE",1
236,06.05.21 23:38:16,021419000,94,"COMPLETE",1
237,07.05.21 12:29:24,211050000,51,"COMPLETE",1
238,07.05.21 18:29:01,597798000,252,"COMPLETE",1
239,07.05.21 23:02:38,954805000,58,"COMPLETE",1
240,08.05.21 00:27:09,346498000,8,"COMPLETE",1
241,08.05.21 12:19:37,375616000,167,"COMPLETE",1
242,09.05.21 03:41:28,277888000,77,"COMPLETE",1
243,09.05.21 06:55:17,160933000,332,"COMPLETE",1
244,09.05.21 13:13:11,509724000,95,"COMPLETE",1
245,10.05.21 07:53:12,734140000,365,"COMPLETE",1
246,10.05.21 17:35:28,748978000,188,"COMPLETE",1
247,10.05.21 22:11:38,202495000,384,"COMPLETE",1
248,11.05.21 10:02:28,095787000,145,"COMPLETE",1
249,11.05.21 14:09:09,533952000,387,"COMPLETE",1
250,11.05.21 17:10:43,273619000,266,"COMPLETE",1
251,12.05.21 04:36:40,317825000,158,"COMPLETE",1
252,12.05.21 13:55:29,173575000,320,"COMPLETE",1
253,12.05.21 14:25:40,457618000,142,"COMPLETE",1
254,13.05.21 07:21:22,273954000,60,"COMPLETE",2
255,13.05.21 08:11:19,881827000,299,"COMPLETE",1
256,13.05.21 10:56:12,739849000,386,"COMPLETE",1
257,13.05.21 13:40:00,102927000,135,"COMPLETE",1
258,13.05.21 19:24:22,601229000,162,"COMPLETE",1
259,14.05.21 09:25:12,559229000,272,"COMPLETE",1
260,14.05.21 15:57:52,836958000,24,"COMPLETE",1
261,15.05.21 01:55:03,073216000,305,"COMPLETE",1
262,15.05.21 07:38:34,488493000,149,"COMPLETE",4
263,15.05.21 09:16:01,235430000,101,"COMPLETE",1
264,15.05.21 21:21:29,466561000,284,"COMPLETE",1
265,15.05.21 23:20:47,860349000,344,"COMPLETE",1
266,16.05.21 07:41:45,403828000,205,"COMPLETE",2
267,17.05.21 05:00:05,644503000,315,"COMPLETE",1
268,17.05.21 12:10:20,300305000,159,"COMPLETE",1
269,17.05.21 19:30:01,678181000,321,"REFUNDED",2
270,18.05.21 09:33:25,962216000,25,"COMPLETE",1
271,18.05.21 10:45:24,354011000,104,"COMPLETE",1
272,18.05.21 18:26:38,919533000,289,"COMPLETE",1
273,18.05.21 22:49:23,293986000,293,"COMPLETE",3
274,19.05.21 05:10:35,791750000,38,"COMPLETE",1
275,20.05.21 07:40:39,223166000,347,"COMPLETE",1
276,20.05.21 20:08:23,028820000,303,"COMPLETE",1
277,21.05.21 00:29:33,560431000,391,"COMPLETE",1
278,21.05.21 07:40:58,173847000,182,"COMPLETE",1
279,21.05.21 12:28:43,000560000,161,"COMPLETE",1
280,21.05.21 14:17:25,037421000,151,"COMPLETE",1
281,21.05.21 15:30:22,664347000,219,"COMPLETE",1
282,21.05.21 22:52:51,577051000,280,"COMPLETE",1
283,22.05.21 06:47:48,224874000,355,"COMPLETE",1
284,22.05.21 11:37:30,240142000,141,"COMPLETE",1
285,22.05.21 13:23:59,947250000,102,"COMPLETE",1
286,22.05.21 14:29:16,627150000,26,"COMPLETE",1
287,22.05.21 22:52:38,639425000,225,"COMPLETE",1
288,23.05.21 05:54:21,681110000,127,"COMPLETE",1
289,23.05.21 11:35:05,862479000,261,"COMPLETE",1
290,23.05.21 13:08:48,447445000,15,"COMPLETE",1
291,23.05.21 17:08:16,360043000,108,"COMPLETE",1
292,24.05.21 01:08:24,395798000,71,"COMPLETE",1
293,24.05.21 03:03:10,689628000,32,"COMPLETE",1
294,24.05.21 04:06:45,794300000,202,"COMPLETE",1
295,24.05.21 05:16:50,781455000,372,"COMPLETE",1
296,24.05.21 06:40:00,616271000,343,"COMPLETE",1
297,24.05.21 20:26:27,293716000,352,"COMPLETE",1
298,24.05.21 20:30:09,072186000,3,"COMPLETE",1
299,25.05.21 09:16:10,577514000,385,"COMPLETE",1
300,25.05.21 11:57:11,767415000,80,"COMPLETE",1
301,25.05.21 23:44:04,731409000,389,"COMPLETE",1
302,26.05.21 03:15:22,681529000,221,"COMPLETE",1
303,26.05.21 06:51:14,078433000,365,"COMPLETE",1
304,26.05.21 12:57:15,979927000,266,"CANCELLED",1
305,27.05.21 01:51:11,545829000,53,"COMPLETE",1
306,27.05.21 03:20:25,802951000,5,"COMPLETE",5
307,27.05.21 04:27:28,810727000,3,"COMPLETE",1
308,27.05.21 20:39:58,908235000,333,"COMPLETE",1
309,27.05.21 23:28:36,369812000,67,"COMPLETE",1
310,28.05.21 01:06:47,334288000,120,"COMPLETE",1
311,28.05.21 05:31:28,504287000,311,"COMPLETE",1
312,28.05.21 07:55:59,062183000,277,"COMPLETE",1
313,29.05.21 22:04:57,617145000,59,"COMPLETE",1
314,31.05.21 04:49:56,563780000,361,"COMPLETE",1
315,31.05.21 07:10:48,528382000,361,"COMPLETE",1
316,31.05.21 19:06:14,659180000,205,"COMPLETE",1
317,31.05.21 20:01:21,551093000,89,"COMPLETE",1
318,01.06.21 00:18:51,702266000,279,"COMPLETE",1
319,01.06.21 03:54:07,626313000,66,"COMPLETE",1
320,01.06.21 08:12:00,111069000,178,"COMPLETE",4
321,01.06.21 14:58:54,161081000,283,"COMPLETE",1
322,01.06.21 16:33:28,976267000,227,"COMPLETE",1
323,01.06.21 22:23:05,862109000,268,"COMPLETE",1
324,02.06.21 02:53:08,781577000,61,"COMPLETE",1
325,02.06.21 03:26:39,731890000,183,"COMPLETE",1
326,02.06.21 14:57:47,456217000,139,"COMPLETE",1
327,02.06.21 16:05:54,814890000,392,"COMPLETE",1
328,02.06.21 22:18:08,503795000,287,"COMPLETE",1
329,03.06.21 00:49:19,241632000,36,"COMPLETE",1
330,03.06.21 11:36:25,517913000,327,"COMPLETE",1
331,03.06.21 13:25:06,729734000,5,"COMPLETE",1
332,03.06.21 16:04:46,024146000,351,"COMPLETE",1
333,04.06.21 01:07:45,151179000,87,"COMPLETE",1
334,04.06.21 02:07:45,509433000,242,"COMPLETE",1
335,04.06.21 02:43:27,144451000,148,"COMPLETE",1
336,04.06.21 19:38:35,378549000,241,"COMPLETE",1
337,05.06.21 00:52:55,863561000,347,"COMPLETE",1
338,05.06.21 03:44:49,711305000,178,"COMPLETE",1
339,05.06.21 05:06:13,110067000,257,"COMPLETE",1
340,06.06.21 02:17:03,629289000,379,"CANCELLED",1
341,06.06.21 12:16:25,253108000,35,"COMPLETE",1
342,06.06.21 15:38:40,421036000,257,"COMPLETE",1
343,06.06.21 16:38:33,257354000,277,"COMPLETE",1
344,06.06.21 19:41:27,752281000,193,"COMPLETE",1
345,07.06.21 10:11:04,051658000,311,"COMPLETE",1
346,08.06.21 04:17:12,071275000,354,"COMPLETE",1
347,08.06.21 13:34:37,910530000,41,"COMPLETE",1
348,08.06.21 14:55:05,759682000,58,"COMPLETE",1
349,09.06.21 07:20:12,711606000,14,"COMPLETE",1
350,09.06.21 07:22:59,441494000,322,"COMPLETE",3
351,09.06.21 19:19:50,821739000,28,"COMPLETE",1
352,10.06.21 02:49:56,365939000,309,"COMPLETE",1
353,10.06.21 11:55:59,931383000,102,"COMPLETE",1
354,10.06.21 22:32:36,139027000,77,"COMPLETE",1
355,11.06.21 10:51:35,665516000,48,"COMPLETE",1
356,11.06.21 19:00:30,936238000,181,"COMPLETE",1
357,12.06.21 07:27:28,989515000,147,"COMPLETE",1
358,12.06.21 08:58:36,841156000,223,"COMPLETE",1
359,12.06.21 11:07:05,818204000,203,"COMPLETE",1
360,12.06.21 21:21:32,993341000,367,"COMPLETE",1
361,13.06.21 10:48:48,235140000,49,"COMPLETE",1
362,13.06.21 16:47:05,533775000,323,"COMPLETE",1
363,13.06.21 17:10:31,134146000,181,"COMPLETE",7
364,13.06.21 17:28:35,693331000,31,"COMPLETE",1
365,13.06.21 18:10:25,420066000,350,"COMPLETE",1
366,14.06.21 05:56:43,964772000,40,"COMPLETE",1
367,14.06.21 14:53:25,844876000,166,"COMPLETE",1
368,14.06.21 18:22:44,889413000,45,"COMPLETE",1
369,14.06.21 20:37:30,655650000,392,"COMPLETE",1
370,14.06.21 20:46:55,845094000,31,"COMPLETE",2
371,15.06.21 04:21:49,453058000,361,"COMPLETE",1
372,15.06.21 18:47:48,730487000,36,"COMPLETE",7
373,15.06.21 20:49:37,211878000,360,"COMPLETE",1
374,15.06.21 21:40:07,858696000,291,"COMPLETE",1
375,16.06.21 04:37:15,083270000,341,"COMPLETE",1
376,16.06.21 05:51:56,160092000,116,"COMPLETE",1
377,16.06.21 15:22:46,418446000,169,"COMPLETE",1
378,16.06.21 20:54:52,724689000,324,"COMPLETE",1
379,16.06.21 21:28:59,949962000,78,"COMPLETE",1
380,17.06.21 13:10:47,181419000,142,"COMPLETE",1
381,17.06.21 18:15:48,669262000,204,"COMPLETE",1
382,17.06.21 19:11:55,268003000,150,"COMPLETE",1
383,18.06.21 02:05:23,018393000,368,"COMPLETE",1
384,18.06.21 06:07:52,558324000,149,"COMPLETE",1
385,18.06.21 11:33:03,286409000,271,"COMPLETE",1
386,18.06.21 12:14:39,478834000,239,"COMPLETE",1
387,19.06.21 00:50:27,704151000,234,"COMPLETE",1
388,19.06.21 00:55:13,699859000,216,"COMPLETE",1
389,19.06.21 12:44:32,327858000,238,"COMPLETE",6
390,19.06.21 13:53:20,685664000,375,"COMPLETE",1
391,19.06.21 17:23:13,835019000,379,"COMPLETE",2
392,19.06.21 22:29:28,766871000,191,"COMPLETE",1
393,20.06.21 04:31:32,557262000,125,"COMPLETE",1
394,20.06.21 04:35:07,669317000,341,"COMPLETE",1
395,20.06.21 06:44:10,082967000,152,"COMPLETE",1
396,20.06.21 12:53:20,523483000,186,"COMPLETE",1
397,20.06.21 14:17:23,636425000,371,"COMPLETE",1
398,20.06.21 19:17:34,982416000,62,"COMPLETE",1
399,21.06.21 00:33:09,076465000,178,"COMPLETE",1
400,21.06.21 03:45:16,846554000,340,"COMPLETE",1
401,21.06.21 09:51:46,931779000,16,"COMPLETE",1
402,21.06.21 10:35:06,908849000,141,"COMPLETE",1
403,21.06.21 15:42:46,961189000,374,"COMPLETE",1
404,21.06.21 16:01:39,559879000,392,"COMPLETE",1
405,22.06.21 08:53:46,105055000,292,"COMPLETE",2
406,22.06.21 08:59:21,154099000,257,"COMPLETE",1
407,22.06.21 12:42:04,036220000,31,"COMPLETE",1
408,22.06.21 13:31:50,377338000,266,"COMPLETE",1
409,22.06.21 14:37:40,276247000,100,"COMPLETE",1
410,22.06.21 22:55:48,566239000,228,"COMPLETE",1
411,22.06.21 23:32:16,567454000,292,"COMPLETE",1
412,23.06.21 01:54:06,889136000,63,"COMPLETE",1
413,23.06.21 05:33:19,561140000,149,"COMPLETE",1
414,23.06.21 09:26:59,848677000,207,"COMPLETE",4
415,24.06.21 10:09:06,573191000,115,"COMPLETE",1
416,24.06.21 14:13:33,845537000,173,"COMPLETE",1
417,24.06.21 21:55:55,961957000,297,"COMPLETE",1
418,24.06.21 21:59:24,379018000,111,"COMPLETE",1
419,25.06.21 01:28:58,538716000,364,"COMPLETE",1
420,25.06.21 03:37:18,958457000,122,"COMPLETE",1
421,25.06.21 06:32:06,470254000,364,"COMPLETE",1
422,25.06.21 08:32:14,105915000,325,"COMPLETE",1
423,25.06.21 13:06:55,286371000,226,"COMPLETE",1
424,26.06.21 03:36:59,806027000,33,"COMPLETE",1
425,26.06.21 06:18:31,379725000,186,"REFUNDED",1
426,26.06.21 06:44:23,488519000,131,"COMPLETE",1
427,26.06.21 12:27:40,109703000,196,"COMPLETE",1
428,26.06.21 15:27:08,965594000,241,"CANCELLED",1
429,26.06.21 16:28:59,601041000,296,"COMPLETE",6
430,26.06.21 19:51:51,514668000,8,"COMPLETE",1
431,27.06.21 01:11:32,771434000,208,"COMPLETE",5
432,27.06.21 09:22:35,055771000,114,"COMPLETE",1
433,27.06.21 10:26:57,600895000,392,"COMPLETE",1
434,27.06.21 12:46:06,693856000,145,"COMPLETE",1
435,27.06.21 13:28:48,890879000,24,"COMPLETE",1
436,27.06.21 14:23:31,945545000,250,"COMPLETE",1
437,28.06.21 05:37:34,394938000,10,"COMPLETE",1
438,28.06.21 21:36:25,660701000,311,"COMPLETE",1
439,29.06.21 18:11:15,978268000,120,"CANCELLED",1
440,29.06.21 23:48:54,726627000,386,"COMPLETE",1
441,29.06.21 23:51:28,212587000,292,"COMPLETE",2
442,29.06.21 23:54:20,833685000,382,"COMPLETE",1
443,30.06.21 18:09:40,698324000,352,"COMPLETE",1
444,01.07.21 00:21:27,072277000,380,"COMPLETE",3
445,01.07.21 18:55:50,711207000,210,"COMPLETE",7
446,01.07.21 21:51:48,431286000,212,"COMPLETE",1
447,02.07.21 01:51:28,187539000,355,"COMPLETE",1
448,02.07.21 02:39:00,323779000,155,"COMPLETE",1
449,02.07.21 05:37:40,417308000,242,"COMPLETE",1
450,02.07.21 10:12:50,640981000,49,"COMPLETE",1
451,02.07.21 14:54:53,575383000,204,"COMPLETE",1
452,02.07.21 17:27:32,479203000,216,"COMPLETE",1
453,02.07.21 23:08:52,629924000,4,"COMPLETE",4
454,03.07.21 08:11:01,983560000,388,"COMPLETE",1
455,03.07.21 10:54:24,150018000,291,"COMPLETE",1
456,04.07.21 05:07:58,845541000,272,"COMPLETE",1
457,04.07.21 14:29:16,775010000,307,"COMPLETE",1
458,04.07.21 15:19:20,251700000,42,"COMPLETE",1
459,04.07.21 18:51:05,206569000,390,"COMPLETE",1
460,04.07.21 19:51:39,754388000,235,"COMPLETE",1
461,05.07.21 05:09:56,223278000,302,"COMPLETE",1
462,05.07.21 07:00:31,371701000,357,"COMPLETE",1
463,05.07.21 07:10:17,026723000,271,"COMPLETE",1
464,05.07.21 09:31:59,529940000,79,"COMPLETE",1
465,05.07.21 13:58:39,294979000,280,"COMPLETE",1
466,05.07.21 23:57:50,153981000,210,"COMPLETE",7
467,07.07.21 05:40:52,117902000,293,"COMPLETE",1
468,07.07.21 20:12:21,724516000,299,"CANCELLED",1
469,08.07.21 02:37:56,517728000,239,"COMPLETE",1
470,08.07.21 03:56:00,979747000,217,"COMPLETE",1
471,08.07.21 04:18:42,649453000,61,"COMPLETE",3
472,08.07.21 04:56:35,144155000,182,"COMPLETE",1
473,08.07.21 05:40:04,815401000,116,"COMPLETE",1
474,08.07.21 10:33:14,163400000,244,"COMPLETE",1
475,08.07.21 14:36:38,114618000,210,"COMPLETE",1
476,08.07.21 14:57:29,923366000,84,"COMPLETE",1
477,08.07.21 17:15:48,130472000,374,"COMPLETE",1
478,08.07.21 22:33:14,703702000,389,"COMPLETE",1
479,08.07.21 23:29:42,717725000,368,"COMPLETE",1
480,09.07.21 01:00:20,443641000,344,"COMPLETE",1
481,09.07.21 03:56:07,678421000,118,"COMPLETE",1
482,09.07.21 06:10:25,631548000,88,"COMPLETE",1
483,09.07.21 13:26:22,167034000,72,"COMPLETE",1
484,09.07.21 20:46:44,757594000,159,"COMPLETE",1
485,10.07.21 21:37:27,979856000,134,"COMPLETE",1
486,11.07.21 05:43:23,873602000,105,"COMPLETE",1
487,11.07.21 06:20:13,032317000,259,"COMPLETE",1
488,11.07.21 10:45:08,697481000,150,"COMPLETE",1
489,11.07.21 15:23:58,623840000,64,"REFUNDED",1
490,11.07.21 18:34:33,441566000,48,"COMPLETE",1
491,12.07.21 03:51:53,830375000,264,"COMPLETE",3
492,12.07.21 12:46:11,615439000,381,"COMPLETE",1
493,12.07.21 22:33:08,103517000,155,"COMPLETE",1
494,13.07.21 01:57:01,888739000,256,"COMPLETE",1
495,13.07.21 10:22:46,396252000,205,"COMPLETE",2
496,13.07.21 16:14:36,372109000,33,"COMPLETE",4
497,13.07.21 17:14:47,914828000,164,"COMPLETE",1
498,13.07.21 20:03:50,836714000,262,"COMPLETE",1
499,14.07.21 06:27:09,907376000,333,"COMPLETE",1
500,14.07.21 08:12:41,996032000,200,"COMPLETE",1
501,14.07.21 14:30:36,589487000,367,"COMPLETE",1
502,14.07.21 19:06:39,830375000,355,"COMPLETE",1
503,15.07.21 23:11:29,875792000,243,"COMPLETE",1
504,17.07.21 10:18:55,588249000,107,"COMPLETE",1
505,17.07.21 18:24:28,873795000,248,"COMPLETE",1
506,17.07.21 21:52:33,762499000,4,"COMPLETE",1
507,18.07.21 02:58:50,581546000,137,"COMPLETE",1
508,18.07.21 07:02:55,168789000,157,"COMPLETE",1
509,18.07.21 08:23:38,905535000,303,"COMPLETE",1
510,18.07.21 16:08:53,273511000,322,"COMPLETE",1
511,19.07.21 06:24:36,024192000,22,"COMPLETE",1
512,19.07.21 13:23:02,420484000,235,"COMPLETE",3
513,19.07.21 18:56:11,226657000,15,"COMPLETE",1
514,19.07.21 21:45:49,857020000,63,"COMPLETE",1
515,20.07.21 07:46:03,519737000,385,"COMPLETE",1
516,20.07.21 09:27:10,320116000,30,"COMPLETE",1
517,20.07.21 13:10:36,471179000,302,"COMPLETE",1
518,20.07.21 23:17:00,206063000,125,"COMPLETE",1
519,21.07.21 03:18:41,655388000,207,"COMPLETE",1
520,21.07.21 03:43:19,692080000,35,"COMPLETE",6
521,21.07.21 19:48:35,960117000,157,"COMPLETE",1
522,21.07.21 22:26:24,011449000,298,"COMPLETE",1
523,22.07.21 03:48:55,168427000,60,"COMPLETE",1
524,22.07.21 05:04:17,793871000,287,"COMPLETE",1
525,22.07.21 09:17:03,474463000,43,"COMPLETE",1
526,22.07.21 11:12:28,243666000,127,"REFUNDED",1
527,22.07.21 20:52:15,446328000,272,"COMPLETE",1
528,22.07.21 23:13:37,696839000,143,"COMPLETE",1
529,23.07.21 00:04:45,156364000,253,"COMPLETE",1
530,23.07.21 00:34:23,912105000,311,"COMPLETE",1
531,23.07.21 05:05:55,044287000,237,"COMPLETE",1
532,24.07.21 00:21:26,392388000,251,"COMPLETE",1
533,24.07.21 05:11:45,232234000,130,"COMPLETE",1
534,24.07.21 07:24:32,435382000,362,"COMPLETE",1
535,24.07.21 16:22:23,835996000,319,"COMPLETE",1
536,25.07.21 00:13:16,489715000,370,"COMPLETE",1
537,25.07.21 05:52:23,114149000,49,"COMPLETE",1
538,25.07.21 20:21:44,444839000,385,"COMPLETE",1
539,26.07.21 02:02:47,515772000,31,"CANCELLED",1
540,26.07.21 03:25:27,554822000,41,"COMPLETE",1
541,26.07.21 06:31:27,943979000,173,"COMPLETE",1
542,26.07.21 17:17:34,191621000,216,"COMPLETE",1
543,26.07.21 18:25:34,497567000,357,"COMPLETE",9
544,27.07.21 05:27:59,314441000,3,"COMPLETE",1
545,27.07.21 06:39:03,155480000,35,"COMPLETE",1
546,27.07.21 07:31:29,931958000,60,"COMPLETE",2
547,27.07.21 19:04:57,170182000,72,"COMPLETE",1
548,28.07.21 03:51:10,156536000,140,"COMPLETE",1
549,28.07.21 04:59:35,830940000,385,"COMPLETE",8
550,28.07.21 06:58:15,482354000,313,"COMPLETE",1
551,28.07.21 11:15:37,439485000,190,"COMPLETE",1
552,28.07.21 17:58:38,204063000,209,"COMPLETE",6
553,29.07.21 02:37:41,477368000,35,"COMPLETE",1
554,29.07.21 03:07:41,970743000,93,"COMPLETE",1
555,29.07.21 05:46:33,142281000,105,"COMPLETE",1
556,29.07.21 10:22:43,228165000,143,"COMPLETE",1
557,29.07.21 11:42:07,617499000,221,"COMPLETE",1
558,29.07.21 15:05:23,265621000,206,"COMPLETE",3
559,29.07.21 19:12:18,119673000,38,"COMPLETE",1
560,30.07.21 10:29:04,605871000,235,"COMPLETE",1
561,30.07.21 14:18:10,461678000,38,"COMPLETE",1
562,30.07.21 19:18:50,344363000,87,"COMPLETE",1
563,30.07.21 21:56:13,089169000,213,"COMPLETE",1
564,31.07.21 03:44:00,595904000,30,"COMPLETE",1
565,31.07.21 08:08:18,622636000,385,"COMPLETE",1
566,31.07.21 19:12:05,186430000,317,"COMPLETE",1
567,01.08.21 03:18:04,758218000,391,"COMPLETE",1
568,01.08.21 05:44:28,531221000,97,"COMPLETE",1
569,01.08.21 07:07:00,699908000,291,"COMPLETE",1
570,01.08.21 12:32:22,921509000,343,"COMPLETE",1
571,01.08.21 12:44:23,064383000,273,"COMPLETE",1
572,02.08.21 03:12:33,392863000,368,"COMPLETE",1
573,02.08.21 06:15:01,651826000,41,"COMPLETE",1
574,02.08.21 22:50:44,818048000,101,"COMPLETE",1
575,03.08.21 17:28:56,209900000,118,"COMPLETE",1
576,03.08.21 18:26:37,755665000,324,"CANCELLED",5
577,04.08.21 00:26:33,307535000,65,"COMPLETE",1
578,04.08.21 05:43:41,322548000,218,"COMPLETE",1
579,04.08.21 09:46:37,711059000,121,"COMPLETE",5
580,04.08.21 11:12:45,823905000,235,"COMPLETE",1
581,04.08.21 15:56:31,242167000,41,"COMPLETE",1
582,05.08.21 03:04:10,185501000,215,"COMPLETE",1
583,05.08.21 15:05:56,796293000,205,"COMPLETE",1
584,05.08.21 16:28:57,315682000,67,"COMPLETE",9
585,05.08.21 21:58:27,792726000,4,"COMPLETE",1
586,05.08.21 23:25:44,176862000,131,"COMPLETE",1
587,06.08.21 00:40:22,384175000,82,"COMPLETE",1
588,06.08.21 14:03:11,935245000,110,"COMPLETE",1
589,07.08.21 01:20:22,656527000,284,"COMPLETE",1
590,07.08.21 04:16:39,986022000,60,"COMPLETE",1
591,07.08.21 06:30:15,027109000,35,"COMPLETE",6
592,07.08.21 11:51:18,255625000,123,"COMPLETE",1
593,08.08.21 06:29:45,074058000,152,"COMPLETE",1
594,08.08.21 09:50:22,291724000,358,"COMPLETE",1
595,08.08.21 13:52:43,842899000,378,"COMPLETE",1
596,09.08.21 01:41:01,659933000,357,"COMPLETE",9
597,09.08.21 11:45:14,486680000,269,"COMPLETE",1
598,09.08.21 17:37:40,628192000,203,"COMPLETE",1
599,09.08.21 20:32:40,739524000,43,"COMPLETE",1
600,09.08.21 20:39:56,960875000,147,"COMPLETE",2
601,10.08.21 06:40:52,690160000,59,"CANCELLED",1
602,10.08.21 16:09:10,832824000,24,"COMPLETE",1
603,10.08.21 23:25:12,414217000,260,"COMPLETE",1
604,11.08.21 00:18:04,660985000,346,"COMPLETE",1
605,11.08.21 01:49:40,372512000,314,"COMPLETE",1
606,11.08.21 12:38:31,222721000,28,"COMPLETE",1
607,11.08.21 14:55:36,251306000,377,"COMPLETE",1
608,11.08.21 18:57:30,697703000,3,"COMPLETE",1
609,12.08.21 00:33:44,711624000,187,"COMPLETE",1
610,12.08.21 06:47:12,324466000,383,"COMPLETE",1
611,12.08.21 14:28:50,738168000,274,"COMPLETE",1
612,12.08.21 15:58:10,048869000,369,"COMPLETE",1
613,12.08.21 19:56:06,454745000,384,"COMPLETE",1
614,12.08.21 23:37:33,994116000,321,"REFUNDED",2
615,12.08.21 23:48:30,451652000,338,"COMPLETE",1
616,13.08.21 07:00:59,565807000,318,"COMPLETE",1
617,13.08.21 07:50:52,234730000,265,"COMPLETE",4
618,13.08.21 08:53:08,143929000,113,"COMPLETE",1
619,13.08.21 09:45:08,381545000,115,"COMPLETE",1
620,13.08.21 17:30:16,070349000,126,"COMPLETE",1
621,13.08.21 18:42:28,994965000,357,"COMPLETE",1
622,13.08.21 19:51:19,906872000,154,"COMPLETE",1
623,13.08.21 20:26:15,569805000,198,"COMPLETE",1
624,13.08.21 20:55:10,866476000,120,"COMPLETE",1
625,14.08.21 01:52:09,190467000,147,"COMPLETE",2
626,14.08.21 08:45:06,260879000,125,"COMPLETE",9
627,14.08.21 10:04:47,704705000,294,"COMPLETE",4
628,14.08.21 11:35:19,808350000,225,"COMPLETE",1
629,14.08.21 14:27:23,844894000,242,"COMPLETE",1
630,14.08.21 16:23:30,498190000,305,"COMPLETE",1
631,15.08.21 04:38:12,127348000,264,"COMPLETE",3
632,15.08.21 14:32:01,222941000,98,"COMPLETE",1
633,15.08.21 14:57:24,692747000,227,"COMPLETE",1
634,16.08.21 01:30:38,782605000,185,"COMPLETE",1
635,16.08.21 17:47:22,306204000,24,"COMPLETE",1
636,16.08.21 18:33:19,247645000,341,"COMPLETE",1
637,16.08.21 19:55:03,437514000,237,"COMPLETE",5
638,17.08.21 08:10:30,387009000,287,"COMPLETE",1
639,17.08.21 18:02:11,307252000,188,"COMPLETE",1
640,17.08.21 18:49:20,529671000,35,"REFUNDED",1
641,17.08.21 19:50:15,891284000,364,"COMPLETE",1
642,17.08.21 23:53:13,318060000,357,"COMPLETE",1
643,18.08.21 00:14:13,947552000,166,"COMPLETE",1
644,18.08.21 08:30:45,490461000,390,"COMPLETE",1
645,18.08.21 09:00:02,055347000,105,"COMPLETE",1
646,18.08.21 13:01:43,274137000,320,"COMPLETE",1
647,18.08.21 13:07:39,150868000,351,"CANCELLED",1
648,18.08.21 14:18:38,793982000,215,"COMPLETE",1
649,18.08.21 15:51:21,662378000,30,"CANCELLED",1
650,18.08.21 21:14:47,250249000,172,"COMPLETE",1
651,19.08.21 01:53:39,559818000,300,"COMPLETE",10
652,19.08.21 10:38:17,057078000,374,"COMPLETE",1
653,19.08.21 14:25:43,328933000,293,"COMPLETE",1
654,19.08.21 17:44:07,531013000,169,"COMPLETE",1
655,19.08.21 22:56:02,147141000,197,"COMPLETE",1
656,20.08.21 05:10:10,220744000,70,"COMPLETE",1
657,20.08.21 07:35:41,550416000,322,"COMPLETE",3
658,20.08.21 20:01:16,210405000,112,"COMPLETE",1
659,20.08.21 23:39:24,501589000,58,"COMPLETE",1
660,21.08.21 13:56:29,573369000,297,"COMPLETE",1
661,21.08.21 23:06:01,341300000,379,"COMPLETE",1
662,22.08.21 02:19:22,696020000,41,"COMPLETE",1
663,22.08.21 13:51:58,014548000,352,"COMPLETE",1
664,22.08.21 14:35:01,190293000,100,"COMPLETE",1
665,22.08.21 19:34:56,392267000,385,"REFUNDED",1
666,22.08.21 21:20:56,509026000,336,"COMPLETE",1
667,23.08.21 01:23:01,964471000,235,"COMPLETE",3
668,23.08.21 06:46:28,630476000,87,"COMPLETE",1
669,23.08.21 09:00:05,233873000,36,"COMPLETE",1
670,23.08.21 09:57:41,246561000,198,"COMPLETE",1
671,23.08.21 11:52:50,318004000,265,"COMPLETE",1
672,23.08.21 12:33:23,328945000,4,"COMPLETE",4
673,23.08.21 13:23:00,223443000,61,"COMPLETE",1
674,23.08.21 14:23:06,627377000,155,"COMPLETE",1
675,23.08.21 17:52:59,692503000,120,"COMPLETE",4
676,23.08.21 21:00:55,391639000,331,"COMPLETE",1
677,23.08.21 23:26:29,773531000,89,"COMPLETE",2
678,24.08.21 08:51:35,782587000,366,"COMPLETE",1
679,24.08.21 13:39:43,609188000,310,"COMPLETE",1
680,24.08.21 17:47:27,445779000,145,"COMPLETE",1
681,24.08.21 21:05:22,350726000,264,"COMPLETE",3
682,26.08.21 04:19:34,946887000,283,"COMPLETE",1
683,26.08.21 05:13:53,182461000,209,"COMPLETE",1
684,26.08.21 07:25:53,889570000,291,"COMPLETE",1
685,27.08.21 00:54:40,473128000,190,"COMPLETE",1
686,27.08.21 02:36:39,643228000,373,"COMPLETE",1
687,27.08.21 11:04:59,797479000,16,"COMPLETE",1
688,27.08.21 19:16:28,137787000,189,"COMPLETE",1
689,27.08.21 20:48:27,253284000,268,"COMPLETE",7
690,27.08.21 22:51:59,792307000,174,"COMPLETE",1
691,28.08.21 03:13:17,161852000,38,"COMPLETE",9
692,28.08.21 06:18:52,488695000,353,"COMPLETE",5
693,28.08.21 07:55:18,145807000,333,"COMPLETE",1
694,28.08.21 14:32:05,154560000,97,"COMPLETE",1
695,28.08.21 17:14:33,547688000,299,"COMPLETE",1
696,29.08.21 01:48:01,954585000,126,"COMPLETE",10
697,29.08.21 02:55:23,125062000,62,"CANCELLED",1
698,29.08.21 11:42:50,710741000,64,"COMPLETE",1
699,29.08.21 17:02:02,999758000,285,"COMPLETE",1
700,30.08.21 07:05:05,072829000,215,"COMPLETE",1
701,30.08.21 09:49:14,145370000,372,"COMPLETE",1
702,30.08.21 12:47:39,468003000,78,"COMPLETE",1
703,30.08.21 14:45:14,547795000,354,"COMPLETE",1
704,30.08.21 23:04:11,575066000,254,"COMPLETE",1
705,31.08.21 00:35:43,045579000,239,"COMPLETE",7
706,31.08.21 00:36:32,915133000,361,"COMPLETE",1
707,31.08.21 05:08:24,306909000,5,"COMPLETE",1
708,31.08.21 05:29:13,285429000,203,"COMPLETE",1
709,31.08.21 07:41:20,300730000,111,"COMPLETE",1
710,31.08.21 09:42:59,706991000,139,"COMPLETE",1
711,31.08.21 12:31:44,406757000,78,"COMPLETE",1
712,31.08.21 20:50:58,445180000,234,"COMPLETE",1
713,01.09.21 07:53:09,673878000,183,"CANCELLED",1
714,01.09.21 16:17:47,714697000,249,"COMPLETE",1
715,01.09.21 20:45:19,748226000,213,"COMPLETE",1
716,01.09.21 22:56:49,213608000,313,"COMPLETE",1
717,02.09.21 01:23:14,611049000,386,"COMPLETE",1
718,02.09.21 03:12:07,328102000,57,"COMPLETE",1
719,02.09.21 04:11:37,447585000,353,"COMPLETE",5
720,02.09.21 04:16:42,347409000,284,"COMPLETE",1
721,02.09.21 11:23:07,255070000,124,"COMPLETE",8
722,02.09.21 20:29:24,738773000,42,"COMPLETE",1
723,02.09.21 20:30:05,314999000,69,"COMPLETE",11
724,03.09.21 01:49:24,549915000,64,"COMPLETE",6
725,03.09.21 04:24:38,912826000,213,"COMPLETE",1
726,03.09.21 05:47:05,030653000,103,"COMPLETE",1
727,03.09.21 07:46:22,243703000,336,"COMPLETE",1
728,03.09.21 07:56:32,425651000,124,"COMPLETE",1
729,03.09.21 11:03:18,502018000,300,"COMPLETE",1
730,03.09.21 11:39:37,925574000,309,"COMPLETE",1
731,03.09.21 13:18:41,020440000,318,"COMPLETE",1
732,03.09.21 14:23:10,404541000,171,"COMPLETE",1
733,03.09.21 22:26:34,005670000,268,"COMPLETE",7
734,04.09.21 07:27:33,335891000,183,"COMPLETE",9
735,04.09.21 08:51:57,045060000,76,"COMPLETE",1
736,04.09.21 10:54:18,024157000,380,"COMPLETE",1
737,04.09.21 11:46:19,746288000,305,"COMPLETE",1
738,05.09.21 00:59:01,413819000,199,"COMPLETE",1
739,05.09.21 07:03:04,952527000,159,"COMPLETE",1
740,05.09.21 11:38:16,611989000,372,"COMPLETE",1
741,05.09.21 11:55:38,952053000,310,"COMPLETE",1
742,05.09.21 14:59:13,679488000,355,"COMPLETE",1
743,05.09.21 15:58:40,557733000,157,"COMPLETE",1
744,05.09.21 16:55:33,170450000,384,"COMPLETE",1
745,05.09.21 17:37:50,846481000,45,"COMPLETE",1
746,05.09.21 22:57:17,869834000,263,"COMPLETE",1
747,06.09.21 08:13:07,654182000,172,"COMPLETE",1
748,06.09.21 15:18:59,475249000,214,"CANCELLED",1
749,06.09.21 15:33:09,097740000,148,"COMPLETE",3
750,06.09.21 16:14:45,618895000,25,"COMPLETE",1
751,06.09.21 18:27:18,074840000,225,"COMPLETE",1
752,06.09.21 19:36:37,685127000,238,"COMPLETE",1
753,06.09.21 22:55:53,270045000,342,"COMPLETE",1
754,07.09.21 19:03:05,580765000,263,"COMPLETE",1
755,08.09.21 03:42:08,833056000,46,"COMPLETE",1
756,08.09.21 07:34:25,534405000,179,"COMPLETE",1
757,08.09.21 08:01:01,000139000,324,"COMPLETE",1
758,08.09.21 14:07:25,178237000,79,"COMPLETE",1
759,08.09.21 16:05:51,824864000,133,"COMPLETE",1
760,08.09.21 18:15:42,375826000,19,"COMPLETE",1
761,08.09.21 19:31:00,472757000,11,"COMPLETE",1
762,08.09.21 22:04:12,315090000,226,"COMPLETE",1
763,08.09.21 23:49:09,093577000,169,"COMPLETE",1
764,09.09.21 04:41:26,437710000,55,"COMPLETE",1
765,09.09.21 08:32:41,319898000,2,"COMPLETE",2
766,09.09.21 11:33:57,269603000,3,"COMPLETE",1
767,09.09.21 12:21:28,182320000,308,"COMPLETE",1
768,09.09.21 12:50:24,763108000,350,"COMPLETE",1
769,09.09.21 13:45:17,970634000,6,"REFUNDED",1
770,09.09.21 14:18:25,902119000,177,"COMPLETE",3
771,09.09.21 16:04:05,528221000,231,"COMPLETE",1
772,10.09.21 06:39:41,339913000,301,"COMPLETE",1
773,10.09.21 08:18:11,188633000,297,"COMPLETE",1
774,10.09.21 09:50:35,377519000,352,"COMPLETE",1
775,10.09.21 10:54:11,803051000,381,"COMPLETE",4
776,10.09.21 10:58:16,900299000,152,"CANCELLED",1
777,10.09.21 10:59:24,359564000,256,"COMPLETE",1
778,10.09.21 23:50:25,599733000,308,"COMPLETE",1
779,11.09.21 05:42:57,945746000,76,"COMPLETE",1
780,11.09.21 18:11:01,099760000,111,"COMPLETE",1
781,11.09.21 21:40:57,340584000,99,"COMPLETE",1
782,12.09.21 04:28:33,420330000,40,"COMPLETE",11
783,12.09.21 08:01:03,883806000,194,"COMPLETE",1
784,12.09.21 11:03:07,207028000,39,"COMPLETE",1
785,12.09.21 14:52:35,086045000,156,"COMPLETE",11
786,12.09.21 16:27:44,559650000,203,"COMPLETE",1
787,12.09.21 17:12:41,475138000,294,"COMPLETE",1
788,12.09.21 18:13:36,691308000,261,"COMPLETE",1
789,12.09.21 20:27:06,543200000,264,"COMPLETE",1
790,13.09.21 01:02:00,106399000,178,"COMPLETE",4
791,13.09.21 02:44:31,602510000,123,"COMPLETE",7
989,23.10.21 02:30:02,274044000,373,"COMPLETE",1
990,23.10.21 11:22:03,186807000,179,"COMPLETE",5
991,23.10.21 13:11:05,616181000,136,"COMPLETE",1
992,23.10.21 16:06:38,803196000,383,"COMPLETE",1
993,23.10.21 21:12:34,064134000,8,"COMPLETE",1
994,24.10.21 03:36:22,945788000,294,"COMPLETE",4
995,24.10.21 06:42:01,321039000,192,"COMPLETE",1
996,24.10.21 09:51:19,879247000,202,"COMPLETE",1
997,24.10.21 10:58:43,211537000,114,"COMPLETE",1
998,24.10.21 12:09:53,570395000,270,"COMPLETE",9
999,24.10.21 17:26:24,948156000,308,"COMPLETE",1
1000,24.10.21 23:55:55,722670000,355,"REFUNDED",1
1001,25.10.21 00:11:21,557170000,176,"COMPLETE",1
1002,25.10.21 01:30:25,588906000,100,"COMPLETE",1
1003,25.10.21 06:53:54,745344000,91,"COMPLETE",1
1004,25.10.21 10:46:35,772057000,313,"COMPLETE",1
1005,25.10.21 12:52:19,483963000,167,"COMPLETE",1
1006,25.10.21 16:59:09,776804000,118,"COMPLETE",2
1007,25.10.21 20:19:40,908223000,302,"COMPLETE",1
1008,25.10.21 21:00:23,518187000,58,"COMPLETE",1
1009,26.10.21 05:51:07,782129000,234,"COMPLETE",2
1010,26.10.21 12:19:34,730838000,92,"COMPLETE",1
1011,26.10.21 14:50:26,672099000,107,"COMPLETE",1
1012,26.10.21 20:16:30,856054000,337,"COMPLETE",1
1013,26.10.21 20:33:18,697909000,285,"COMPLETE",1
1014,26.10.21 20:33:36,106003000,186,"COMPLETE",1
1015,27.10.21 03:50:32,773479000,238,"COMPLETE",6
1016,27.10.21 04:56:25,209846000,169,"COMPLETE",1
1017,27.10.21 05:29:39,379160000,252,"COMPLETE",1
1018,27.10.21 12:52:15,084149000,90,"COMPLETE",1
1019,27.10.21 15:19:29,524673000,217,"REFUNDED",14
1020,27.10.21 21:51:01,193115000,184,"COMPLETE",10
1021,28.10.21 10:54:20,404795000,49,"COMPLETE",1
1022,28.10.21 12:55:04,956344000,153,"COMPLETE",1
1023,28.10.21 15:36:46,562731000,32,"COMPLETE",3
1024,28.10.21 15:48:48,120995000,68,"COMPLETE",1
1025,28.10.21 18:40:02,179415000,352,"COMPLETE",1
1026,28.10.21 20:45:51,452782000,235,"COMPLETE",3
1027,28.10.21 20:59:44,536878000,99,"REFUNDED",1
1028,28.10.21 22:40:17,765424000,175,"COMPLETE",1
1029,28.10.21 23:06:03,317967000,263,"COMPLETE",2
1030,29.10.21 01:06:46,660120000,152,"COMPLETE",7
1031,29.10.21 02:46:53,107351000,115,"COMPLETE",1
1032,29.10.21 07:32:25,563672000,280,"COMPLETE",1
1033,29.10.21 15:06:42,312691000,335,"COMPLETE",1
1034,29.10.21 18:36:34,460432000,381,"COMPLETE",1
1035,29.10.21 23:05:14,133412000,390,"COMPLETE",1
1036,30.10.21 04:48:28,262001000,262,"COMPLETE",1
1037,30.10.21 16:39:41,444656000,96,"COMPLETE",9
1038,30.10.21 22:27:40,883631000,336,"COMPLETE",1
1039,31.10.21 01:06:52,157348000,119,"COMPLETE",3
1040,31.10.21 10:53:20,901935000,31,"COMPLETE",2
1041,31.10.21 11:04:03,837026000,331,"COMPLETE",1
1042,31.10.21 12:44:27,454513000,147,"COMPLETE",1
1043,31.10.21 12:53:18,549865000,270,"COMPLETE",9
1044,31.10.21 20:29:17,619366000,44,"COMPLETE",1
1045,31.10.21 22:45:15,196896000,318,"COMPLETE",1
1046,01.11.21 02:50:38,035190000,321,"COMPLETE",1
1047,01.11.21 05:12:03,517764000,384,"COMPLETE",7
1048,01.11.21 10:44:26,569074000,61,"COMPLETE",1
1049,01.11.21 14:55:19,396359000,114,"COMPLETE",1
1050,01.11.21 22:02:13,931716000,90,"COMPLETE",3
1051,02.11.21 03:12:28,081478000,148,"COMPLETE",1
1052,02.11.21 04:10:21,166613000,13,"COMPLETE",1
1053,02.11.21 05:11:25,356711000,259,"COMPLETE",1
1054,02.11.21 06:04:55,072800000,317,"COMPLETE",1
1055,02.11.21 09:54:56,775483000,160,"COMPLETE",1
1056,02.11.21 13:27:20,382436000,251,"COMPLETE",1
1057,03.11.21 06:05:53,536897000,91,"COMPLETE",4
1058,03.11.21 14:53:59,709450000,6,"COMPLETE",6
1059,03.11.21 15:13:57,612843000,186,"COMPLETE",12
1060,03.11.21 22:22:44,338825000,314,"COMPLETE",1
1061,04.11.21 04:21:40,910979000,295,"COMPLETE",5
1062,04.11.21 12:11:06,703800000,39,"COMPLETE",10
1063,04.11.21 12:55:24,508476000,239,"COMPLETE",1
1064,04.11.21 15:41:47,162920000,314,"COMPLETE",1
1065,05.11.21 10:28:08,366928000,115,"COMPLETE",1
1066,05.11.21 16:06:45,738192000,390,"COMPLETE",1
1067,05.11.21 19:14:09,231872000,261,"COMPLETE",1
1068,05.11.21 21:02:30,650866000,127,"COMPLETE",11
1069,06.11.21 02:02:27,668840000,50,"COMPLETE",1
1070,06.11.21 03:50:49,366075000,112,"COMPLETE",1
1071,06.11.21 04:02:31,784495000,241,"COMPLETE",9
1072,06.11.21 07:49:52,069695000,104,"COMPLETE",1
1073,06.11.21 12:02:08,317469000,78,"COMPLETE",1
1074,06.11.21 16:32:05,826878000,383,"COMPLETE",1
1075,06.11.21 21:59:00,675908000,238,"CANCELLED",1
1076,07.11.21 01:59:26,815557000,209,"COMPLETE",1
1077,07.11.21 04:37:48,889341000,383,"COMPLETE",6
1078,07.11.21 05:10:49,567619000,304,"COMPLETE",14
1079,07.11.21 05:53:49,540254000,270,"COMPLETE",9
1080,07.11.21 09:09:01,889988000,171,"COMPLETE",1
1081,07.11.21 10:07:44,051973000,366,"COMPLETE",1
1082,07.11.21 16:25:22,587208000,8,"COMPLETE",8
1083,07.11.21 18:05:54,405518000,199,"COMPLETE",1
1084,08.11.21 06:52:48,083715000,182,"COMPLETE",8
1085,08.11.21 09:44:09,140018000,267,"COMPLETE",6
1086,08.11.21 12:53:08,890593000,211,"COMPLETE",1
1087,08.11.21 13:04:31,106562000,38,"COMPLETE",9
1088,08.11.21 13:18:11,477668000,306,"COMPLETE",1
1089,08.11.21 16:51:41,068970000,375,"COMPLETE",1
1090,08.11.21 17:53:56,406233000,104,"COMPLETE",1
1091,08.11.21 22:18:17,838778000,92,"COMPLETE",5
1092,08.11.21 23:44:43,786775000,247,"COMPLETE",15
1093,09.11.21 08:01:41,696751000,129,"COMPLETE",13
1094,09.11.21 19:11:54,006702000,70,"COMPLETE",12
1095,09.11.21 19:31:49,767668000,330,"COMPLETE",1
1096,09.11.21 21:26:44,253882000,187,"COMPLETE",1
1097,10.11.21 04:06:38,679485000,335,"COMPLETE",1
1098,10.11.21 05:51:35,678851000,169,"COMPLETE",1
1099,10.11.21 07:05:55,173806000,242,"COMPLETE",10
1100,10.11.21 14:47:04,331650000,268,"COMPLETE",7
1101,11.11.21 04:36:12,942269000,32,"COMPLETE",1
1102,11.11.21 09:21:21,436253000,9,"COMPLETE",9
1103,11.11.21 09:50:57,586503000,328,"COMPLETE",1
1104,11.11.21 11:17:48,239654000,343,"COMPLETE",1
1105,11.11.21 14:27:55,204510000,276,"COMPLETE",15
1106,11.11.21 21:16:25,464013000,245,"COMPLETE",1
1107,12.11.21 01:22:45,096190000,122,"COMPLETE",6
1108,12.11.21 02:38:30,489421000,331,"COMPLETE",1
1109,12.11.21 09:26:23,602230000,144,"COMPLETE",1
1110,12.11.21 18:14:03,494747000,383,"CANCELLED",1
1111,12.11.21 23:38:06,043178000,6,"COMPLETE",1
1112,13.11.21 04:23:04,057842000,66,"COMPLETE",8
1113,13.11.21 06:14:07,910265000,253,"COMPLETE",1
1114,13.11.21 08:04:00,742747000,229,"COMPLETE",1
1115,14.11.21 05:47:39,574816000,146,"COMPLETE",1
1116,14.11.21 18:04:46,714192000,285,"COMPLETE",1
1117,15.11.21 01:49:31,895148000,128,"COMPLETE",12
1118,15.11.21 06:19:04,345775000,105,"COMPLETE",1
1119,15.11.21 08:31:40,818432000,14,"COMPLETE",14
1120,15.11.21 08:56:25,920799000,152,"COMPLETE",1
1121,15.11.21 10:21:03,765653000,7,"COMPLETE",1
1122,15.11.21 12:12:36,337056000,190,"COMPLETE",1
1123,15.11.21 14:40:34,869607000,30,"COMPLETE",1
1124,15.11.21 20:51:29,135944000,196,"COMPLETE",1
1125,16.11.21 08:44:20,739015000,313,"COMPLETE",1
1126,16.11.21 10:49:36,869342000,39,"COMPLETE",10
1127,16.11.21 11:51:24,237859000,133,"COMPLETE",1
1128,16.11.21 21:35:07,698145000,381,"COMPLETE",4
1129,17.11.21 02:48:31,602962000,68,"COMPLETE",10
1130,17.11.21 04:13:13,273527000,247,"COMPLETE",15
1131,17.11.21 10:40:06,423035000,43,"COMPLETE",1
1132,17.11.21 17:34:13,251318000,177,"COMPLETE",1
1133,17.11.21 20:09:07,378334000,299,"COMPLETE",9
1134,18.11.21 07:46:53,922156000,21,"COMPLETE",1
1135,18.11.21 10:25:27,750118000,142,"COMPLETE",1
1136,18.11.21 14:42:40,324631000,356,"COMPLETE",8
1137,18.11.21 15:13:57,699264000,219,"COMPLETE",1
1138,18.11.21 18:19:30,751566000,55,"COMPLETE",1
1139,18.11.21 20:16:12,073873000,66,"COMPLETE",8
1140,18.11.21 21:13:02,644678000,327,"COMPLETE",1
1141,18.11.21 22:59:25,647147000,135,"COMPLETE",1
1142,19.11.21 02:00:46,301418000,234,"COMPLETE",1
1143,19.11.21 02:50:51,226750000,52,"COMPLETE",1
1144,19.11.21 03:13:41,169690000,95,"COMPLETE",1
1145,19.11.21 10:04:40,586353000,73,"COMPLETE",1
1146,19.11.21 12:45:53,296565000,188,"COMPLETE",1
1147,19.11.21 13:25:08,894546000,214,"COMPLETE",11
1148,19.11.21 23:33:27,199549000,326,"COMPLETE",7
1149,20.11.21 02:54:36,328340000,203,"COMPLETE",1
1150,20.11.21 05:29:04,692814000,381,"COMPLETE",4
1151,20.11.21 19:08:54,025917000,172,"COMPLETE",1
1152,20.11.21 19:10:43,787356000,275,"COMPLETE",14
1153,20.11.21 23:29:20,192792000,249,"COMPLETE",1
1154,21.11.21 00:21:49,020996000,153,"COMPLETE",8
1155,21.11.21 03:24:46,090251000,272,"CANCELLED",11
1156,21.11.21 13:01:41,426488000,75,"COMPLETE",1
1157,21.11.21 21:11:50,842641000,128,"COMPLETE",12
1158,21.11.21 23:12:22,088281000,126,"COMPLETE",10
1159,21.11.21 23:53:04,412738000,295,"COMPLETE",1
1160,22.11.21 02:51:52,361837000,370,"COMPLETE",1
1161,22.11.21 05:39:48,590524000,100,"COMPLETE",1
1162,22.11.21 23:09:02,737432000,208,"COMPLETE",5
1163,23.11.21 02:15:42,507585000,188,"COMPLETE",14
1164,23.11.21 05:04:28,413296000,187,"COMPLETE",13
1165,23.11.21 21:33:20,270416000,92,"COMPLETE",1
1166,23.11.21 22:19:50,534236000,56,"COMPLETE",1
1167,24.11.21 05:47:24,271241000,218,"COMPLETE",15
1168,24.11.21 07:22:08,410255000,241,"COMPLETE",1
1169,24.11.21 15:11:55,107758000,14,"COMPLETE",1
1170,25.11.21 12:34:54,977017000,229,"COMPLETE",1
1171,25.11.21 13:34:28,023040000,351,"COMPLETE",3
1172,26.11.21 04:29:51,765062000,367,"COMPLETE",1
1173,26.11.21 05:07:35,598923000,154,"COMPLETE",9
1174,26.11.21 13:12:02,465425000,287,"COMPLETE",1
1175,26.11.21 19:34:42,143508000,161,"COMPLETE",1
1176,27.11.21 03:06:54,730353000,154,"COMPLETE",1
1177,27.11.21 06:01:19,691237000,213,"COMPLETE",10
1178,27.11.21 10:12:23,297819000,377,"COMPLETE",1
1179,27.11.21 10:50:21,243378000,94,"CANCELLED",1
1180,28.11.21 04:59:37,241087000,273,"COMPLETE",1
1181,28.11.21 09:39:50,174365000,227,"COMPLETE",1
1182,28.11.21 10:38:58,667714000,108,"COMPLETE",1
1183,28.11.21 10:39:28,571345000,205,"COMPLETE",2
1184,28.11.21 17:14:56,960704000,301,"COMPLETE",11
1185,28.11.21 23:33:41,377878000,214,"COMPLETE",1
1186,29.11.21 03:46:12,843039000,287,"COMPLETE",1
1187,29.11.21 13:01:04,914368000,193,"COMPLETE",1
1188,29.11.21 13:21:46,614942000,110,"COMPLETE",1
1189,29.11.21 15:39:38,700621000,185,"COMPLETE",1
1190,29.11.21 20:30:32,708036000,326,"COMPLETE",7
1191,30.11.21 02:08:39,882263000,14,"COMPLETE",1
1192,30.11.21 08:59:43,131161000,300,"COMPLETE",10
1193,30.11.21 13:41:17,033249000,161,"COMPLETE",1
1194,30.11.21 15:40:44,099125000,185,"COMPLETE",11
1195,30.11.21 17:42:24,627921000,15,"COMPLETE",1
1196,30.11.21 18:08:38,367895000,342,"COMPLETE",1
1197,30.11.21 20:42:38,967079000,235,"COMPLETE",1
1198,30.11.21 20:51:37,768599000,119,"COMPLETE",1
1199,30.11.21 23:01:16,710282000,207,"COMPLETE",1
1200,30.11.21 23:19:54,798149000,17,"COMPLETE",1
1201,01.12.21 04:56:09,804794000,65,"COMPLETE",1
1202,01.12.21 19:42:04,777939000,42,"COMPLETE",13
1203,02.12.21 02:30:49,071412000,279,"COMPLETE",1
1204,02.12.21 06:02:20,148773000,69,"COMPLETE",11
1205,02.12.21 07:05:05,782542000,325,"COMPLETE",6
1206,02.12.21 11:18:44,050898000,47,"COMPLETE",1
1207,02.12.21 14:08:23,701366000,133,"COMPLETE",1
1208,02.12.21 15:41:43,344644000,153,"COMPLETE",1
1209,02.12.21 17:04:55,478738000,283,"COMPLETE",1
1210,02.12.21 17:50:00,716521000,327,"COMPLETE",8
1211,02.12.21 22:32:46,612753000,349,"COMPLETE",1
1212,03.12.21 03:11:08,980732000,226,"COMPLETE",1
1213,03.12.21 04:01:28,909887000,330,"COMPLETE",1
1214,03.12.21 05:56:27,217921000,349,"COMPLETE",1
1215,03.12.21 11:03:01,661594000,249,"COMPLETE",1
1216,03.12.21 11:49:09,440163000,250,"COMPLETE",1
1217,03.12.21 12:26:08,883930000,207,"COMPLETE",4
1218,03.12.21 15:16:36,175511000,160,"COMPLETE",15
1219,03.12.21 18:29:34,279002000,290,"COMPLETE",1
1220,03.12.21 18:47:29,874991000,38,"COMPLETE",9
1221,03.12.21 23:22:16,026129000,327,"COMPLETE",1
1222,04.12.21 02:24:22,828184000,316,"COMPLETE",1
1223,04.12.21 05:51:29,594006000,182,"COMPLETE",1
1224,04.12.21 07:18:33,892618000,239,"COMPLETE",1
1225,04.12.21 14:06:05,390612000,98,"COMPLETE",1
1226,04.12.21 14:18:23,203676000,176,"COMPLETE",2
1227,04.12.21 14:18:30,193991000,151,"COMPLETE",6
1228,04.12.21 14:53:04,197262000,248,"COMPLETE",1
1229,04.12.21 20:39:52,700586000,206,"COMPLETE",1
1230,04.12.21 23:04:19,878540000,267,"COMPLETE",1
1231,05.12.21 07:20:08,753049000,35,"COMPLETE",6
1232,05.12.21 08:33:05,130199000,248,"COMPLETE",16
1233,06.12.21 02:25:07,618072000,360,"COMPLETE",12
1234,06.12.21 02:46:36,811794000,358,"COMPLETE",1
1235,06.12.21 05:27:02,905548000,215,"COMPLETE",12
1236,06.12.21 08:36:50,662189000,334,"COMPLETE",1
1237,06.12.21 09:11:46,626986000,216,"COMPLETE",13
1238,06.12.21 09:43:09,776355000,233,"COMPLETE",1
1239,06.12.21 10:46:20,610111000,102,"COMPLETE",15
1240,06.12.21 16:05:49,397841000,343,"COMPLETE",1
1241,07.12.21 02:33:19,869052000,69,"COMPLETE",11
1242,07.12.21 08:39:53,311903000,246,"COMPLETE",1
1243,07.12.21 14:21:20,593370000,388,"COMPLETE",11
1244,07.12.21 21:23:42,003021000,274,"COMPLETE",1
1245,07.12.21 21:56:36,874142000,374,"COMPLETE",1
1246,08.12.21 04:32:01,297029000,53,"COMPLETE",1
1247,08.12.21 05:53:57,570311000,169,"COMPLETE",1
1248,08.12.21 13:27:17,795514000,303,"COMPLETE",13
1249,08.12.21 17:28:15,774316000,65,"COMPLETE",1
1250,08.12.21 23:33:11,323915000,65,"COMPLETE",7
1251,09.12.21 01:28:50,784415000,187,"COMPLETE",1
1252,09.12.21 03:47:17,570807000,334,"COMPLETE",15
1253,09.12.21 05:07:46,146307000,280,"COMPLETE",1
1254,09.12.21 07:49:38,352817000,304,"COMPLETE",1
1255,09.12.21 10:52:44,166486000,327,"COMPLETE",1
1256,09.12.21 11:18:56,532611000,45,"COMPLETE",16
1257,09.12.21 14:48:18,842789000,209,"COMPLETE",6
1258,09.12.21 14:56:46,295253000,320,"COMPLETE",1
1259,09.12.21 20:37:30,587796000,92,"COMPLETE",1
1260,10.12.21 00:17:10,374740000,9,"COMPLETE",9
1261,10.12.21 00:22:31,220233000,260,"COMPLETE",1
1262,10.12.21 02:58:48,655662000,123,"COMPLETE",1
1263,10.12.21 16:14:56,509448000,300,"COMPLETE",10
1264,10.12.21 17:31:43,345011000,146,"COMPLETE",1
1265,10.12.21 18:27:31,427605000,331,"COMPLETE",12
1266,10.12.21 18:28:39,127716000,129,"COMPLETE",1
1267,10.12.21 23:27:26,893257000,236,"COMPLETE",1
1268,10.12.21 23:30:53,547892000,158,"COMPLETE",13
1269,11.12.21 00:48:48,346574000,300,"COMPLETE",1
1270,11.12.21 02:01:44,303254000,58,"COMPLETE",1
1271,11.12.21 08:17:30,957143000,220,"CANCELLED",17
1272,11.12.21 19:30:30,906962000,138,"COMPLETE",1
1273,12.12.21 03:14:10,811012000,271,"COMPLETE",10
1274,12.12.21 04:02:23,074998000,48,"COMPLETE",1
1275,12.12.21 10:34:11,754150000,217,"REFUNDED",14
1276,12.12.21 13:46:28,398439000,93,"COMPLETE",6
1277,12.12.21 14:46:29,088518000,97,"COMPLETE",10
1278,12.12.21 16:09:33,721960000,331,"COMPLETE",12
1279,12.12.21 16:51:08,923897000,190,"COMPLETE",16
1280,12.12.21 18:49:45,445418000,166,"COMPLETE",1
1281,13.12.21 04:11:58,918005000,269,"REFUNDED",8
1282,13.12.21 06:26:52,125291000,294,"COMPLETE",1
1283,13.12.21 09:00:53,939844000,186,"COMPLETE",12
1284,13.12.21 09:10:29,274383000,339,"COMPLETE",1
1285,13.12.21 09:44:15,853192000,223,"COMPLETE",1
1286,13.12.21 12:14:00,039242000,41,"COMPLETE",1
1287,13.12.21 15:02:39,603206000,351,"COMPLETE",1
1288,13.12.21 15:45:44,907422000,261,"COMPLETE",1
1289,13.12.21 17:00:57,449520000,215,"COMPLETE",12
1290,13.12.21 17:47:25,704938000,219,"COMPLETE",16
1291,14.12.21 00:20:38,056638000,290,"COMPLETE",1
1292,14.12.21 09:30:59,925552000,272,"REFUNDED",1
1293,14.12.21 11:02:57,933489000,241,"COMPLETE",9
1294,14.12.21 18:09:24,061094000,187,"COMPLETE",13
1295,15.12.21 00:42:08,481360000,139,"COMPLETE",1
1296,15.12.21 04:29:42,080992000,62,"COMPLETE",4
1297,15.12.21 10:31:56,582502000,388,"COMPLETE",11
1298,15.12.21 12:59:12,166238000,321,"COMPLETE",1
1299,15.12.21 16:34:18,590753000,211,"COMPLETE",1
1300,16.12.21 06:27:11,003963000,361,"COMPLETE",13
1301,16.12.21 06:35:08,842844000,329,"COMPLETE",10
1302,16.12.21 09:48:49,073184000,46,"COMPLETE",17
1303,16.12.21 10:32:02,473932000,273,"COMPLETE",12
1304,16.12.21 10:40:50,262374000,387,"COMPLETE",1
1305,16.12.21 11:04:59,948172000,256,"COMPLETE",1
1306,16.12.21 11:47:49,807137000,40,"COMPLETE",1
1307,16.12.21 22:50:16,204970000,244,"COMPLETE",12
1308,17.12.21 07:20:04,267131000,272,"COMPLETE",1
1309,17.12.21 15:16:45,975838000,231,"COMPLETE",1
1310,17.12.21 21:45:59,109229000,275,"COMPLETE",14
1311,18.12.21 02:25:38,454591000,101,"COMPLETE",14
1312,18.12.21 02:37:34,969433000,207,"COMPLETE",1
1313,18.12.21 05:19:14,270849000,302,"COMPLETE",12
1314,18.12.21 06:17:50,398092000,240,"COMPLETE",8
1315,18.12.21 07:26:55,173497000,52,"COMPLETE",1
1316,18.12.21 09:20:40,779482000,332,"COMPLETE",1
1317,18.12.21 17:56:35,167016000,266,"COMPLETE",1
1318,18.12.21 19:56:31,791325000,348,"COMPLETE",1
1319,18.12.21 22:41:41,515483000,134,"COMPLETE",1
1320,19.12.21 10:35:34,987079000,45,"COMPLETE",1
1321,19.12.21 17:28:34,329405000,11,"COMPLETE",1
1322,19.12.21 20:08:49,968261000,64,"COMPLETE",1
1323,20.12.21 01:53:48,432922000,85,"COMPLETE",1
1324,20.12.21 04:53:23,138679000,131,"COMPLETE",15
1325,20.12.21 09:24:35,997704000,265,"COMPLETE",1
1326,20.12.21 11:19:17,528223000,31,"COMPLETE",2
1327,20.12.21 12:39:35,118770000,328,"COMPLETE",9
1328,20.12.21 16:56:01,678327000,255,"COMPLETE",1
1329,20.12.21 18:10:04,750197000,33,"COMPLETE",1
1330,21.12.21 05:36:56,878509000,351,"COMPLETE",1
1331,21.12.21 06:42:36,317412000,265,"COMPLETE",4
1332,21.12.21 06:49:09,105632000,165,"COMPLETE",1
1333,21.12.21 09:12:50,043074000,359,"COMPLETE",1
1334,21.12.21 12:00:50,712987000,211,"CANCELLED",1
1335,21.12.21 14:18:16,794773000,265,"COMPLETE",1
1336,22.12.21 03:21:27,143029000,155,"COMPLETE",10
1337,22.12.21 09:26:47,415628000,73,"COMPLETE",1
1338,22.12.21 12:23:41,774991000,382,"COMPLETE",5
1339,22.12.21 20:06:52,094238000,322,"COMPLETE",1
1340,23.12.21 04:11:37,770668000,300,"COMPLETE",1
1341,23.12.21 11:22:05,974962000,27,"COMPLETE",1
1342,23.12.21 16:59:40,642058000,333,"COMPLETE",1
1343,23.12.21 21:18:06,314528000,274,"COMPLETE",13
1344,23.12.21 21:50:20,601348000,317,"COMPLETE",1
1345,23.12.21 23:38:07,561001000,132,"COMPLETE",1
1346,24.12.21 01:18:46,347919000,245,"COMPLETE",1
1347,24.12.21 06:47:57,912433000,48,"COMPLETE",1
1348,24.12.21 07:53:12,397139000,18,"COMPLETE",18
1349,24.12.21 11:59:30,085580000,154,"COMPLETE",1
1350,24.12.21 18:35:31,080496000,289,"COMPLETE",1
1351,25.12.21 06:20:57,695755000,103,"COMPLETE",16
1352,25.12.21 07:13:17,122145000,28,"COMPLETE",1
1353,25.12.21 10:24:47,904805000,77,"COMPLETE",1
1354,25.12.21 11:58:31,837301000,222,"COMPLETE",1
1355,25.12.21 13:52:55,471670000,191,"COMPLETE",17
1356,25.12.21 15:00:38,938724000,390,"COMPLETE",13
1357,25.12.21 17:09:50,250559000,246,"COMPLETE",14
1358,26.12.21 00:21:45,377833000,306,"COMPLETE",1
1359,26.12.21 09:01:25,297579000,27,"COMPLETE",1
1360,26.12.21 14:53:25,129209000,267,"COMPLETE",6
1361,27.12.21 02:30:11,673356000,198,"COMPLETE",1
1362,27.12.21 03:25:17,789761000,353,"COMPLETE",5
1363,27.12.21 08:55:56,229411000,19,"COMPLETE",1
1364,27.12.21 15:04:20,388274000,39,"COMPLETE",1
1365,28.12.21 01:32:59,261286000,129,"COMPLETE",13
1366,28.12.21 01:37:04,540053000,44,"COMPLETE",15
1367,28.12.21 02:48:01,270338000,172,"COMPLETE",1
1368,28.12.21 03:48:08,669646000,301,"COMPLETE",11
1369,28.12.21 08:03:13,858673000,298,"COMPLETE",8
1370,28.12.21 08:12:46,081680000,358,"COMPLETE",10
1371,28.12.21 15:09:57,170427000,163,"COMPLETE",18
1372,28.12.21 20:10:08,098645000,102,"COMPLETE",15
1373,29.12.21 02:22:56,002860000,16,"COMPLETE",16
1374,29.12.21 11:20:30,551226000,333,"COMPLETE",14
1375,29.12.21 14:17:11,020328000,27,"COMPLETE",1
1376,29.12.21 19:23:47,608776000,382,"COMPLETE",5
1377,29.12.21 22:46:43,872142000,118,"COMPLETE",1
1378,30.12.21 02:00:09,867161000,384,"COMPLETE",1
1379,30.12.21 11:49:50,472640000,253,"COMPLETE",1
1380,30.12.21 16:09:22,336203000,99,"COMPLETE",12
1381,30.12.21 19:44:25,629311000,363,"COMPLETE",15
1382,30.12.21 21:31:50,606507000,185,"COMPLETE",1
1383,31.12.21 00:49:10,415402000,273,"COMPLETE",12
1384,31.12.21 02:20:57,513997000,331,"COMPLETE",12
1385,31.12.21 03:09:19,383521000,363,"COMPLETE",15
1386,31.12.21 06:43:23,097193000,309,"COMPLETE",1
1387,31.12.21 07:12:15,943338000,334,"COMPLETE",15
1388,31.12.21 07:33:35,698625000,104,"COMPLETE",1
1389,31.12.21 14:13:56,291244000,258,"COMPLETE",1
1390,31.12.21 15:47:26,170374000,1,"COMPLETE",1
1391,31.12.21 22:15:09,863205000,131,"COMPLETE",15
1392,01.01.22 02:41:19,782784000,194,"COMPLETE",1
1393,01.01.22 07:14:59,876452000,355,"COMPLETE",7
1394,01.01.22 15:29:40,567559000,234,"COMPLETE",1
1395,01.01.22 18:51:54,403137000,172,"COMPLETE",1
1396,01.01.22 20:05:42,227591000,232,"COMPLETE",1
1397,01.01.22 21:01:54,242270000,250,"COMPLETE",1
1398,01.01.22 23:53:03,767038000,278,"COMPLETE",1
1399,02.01.22 02:57:06,263322000,238,"COMPLETE",1
1400,02.01.22 05:48:13,206098000,15,"COMPLETE",15
1401,02.01.22 06:45:26,316789000,244,"COMPLETE",1
1402,02.01.22 07:20:59,009122000,246,"COMPLETE",1
1403,02.01.22 12:08:20,082512000,382,"COMPLETE",5
1404,02.01.22 12:25:35,376616000,211,"COMPLETE",8
1405,03.01.22 02:07:24,120069000,315,"COMPLETE",1
1406,03.01.22 03:03:15,557199000,91,"COMPLETE",4
1407,03.01.22 03:05:21,244600000,76,"COMPLETE",18
1408,03.01.22 09:06:12,113930000,292,"COMPLETE",2
1409,03.01.22 15:45:03,422211000,246,"COMPLETE",14
1410,03.01.22 17:30:38,268584000,220,"COMPLETE",1
1411,03.01.22 18:43:01,384612000,41,"COMPLETE",1
1412,03.01.22 20:11:20,598117000,68,"COMPLETE",10
1413,04.01.22 01:41:28,336676000,347,"COMPLETE",1
1414,04.01.22 02:03:45,714396000,135,"COMPLETE",1
1415,04.01.22 16:01:37,804795000,83,"COMPLETE",1
1416,04.01.22 20:47:35,072787000,245,"COMPLETE",13
1417,05.01.22 03:40:37,323917000,307,"COMPLETE",17
1418,05.01.22 04:26:48,901210000,13,"COMPLETE",13
1419,05.01.22 06:57:32,486289000,189,"COMPLETE",15
1420,05.01.22 07:18:29,027667000,215,"COMPLETE",1
1421,05.01.22 08:27:57,520873000,357,"COMPLETE",1
1422,05.01.22 10:22:33,068812000,122,"COMPLETE",6
1423,05.01.22 12:46:18,471600000,306,"COMPLETE",16
1424,05.01.22 20:03:35,678358000,249,"COMPLETE",17
1425,05.01.22 22:10:55,157942000,190,"COMPLETE",16
1426,06.01.22 14:22:41,408453000,87,"COMPLETE",1
1427,06.01.22 15:58:49,115793000,127,"COMPLETE",11
1428,06.01.22 16:44:22,315678000,188,"COMPLETE",14
1429,06.01.22 22:07:48,068462000,196,"COMPLETE",1
1430,07.01.22 04:07:13,908889000,336,"COMPLETE",1
1431,07.01.22 08:31:16,314936000,166,"COMPLETE",1
1432,07.01.22 14:54:55,365241000,337,"COMPLETE",1
1433,07.01.22 15:05:40,406352000,57,"COMPLETE",1
1434,07.01.22 15:23:15,407606000,44,"COMPLETE",15
1435,07.01.22 15:57:14,316173000,22,"COMPLETE",1
1436,07.01.22 18:16:36,368995000,161,"COMPLETE",16
1437,08.01.22 08:04:31,391632000,16,"COMPLETE",16
1438,08.01.22 12:50:52,374027000,52,"COMPLETE",1
1439,08.01.22 15:48:25,232374000,16,"COMPLETE",1
1440,08.01.22 16:31:08,652493000,104,"COMPLETE",1
1441,08.01.22 18:20:53,020865000,364,"COMPLETE",16
1442,08.01.22 20:24:31,945907000,93,"COMPLETE",6
1443,09.01.22 19:46:17,985855000,65,"COMPLETE",1
1444,10.01.22 09:47:01,667814000,67,"COMPLETE",1
1445,10.01.22 12:13:05,691070000,234,"COMPLETE",1
1446,10.01.22 14:08:38,741108000,49,"COMPLETE",1
1447,10.01.22 15:03:57,088419000,114,"COMPLETE",1
1448,10.01.22 18:05:40,626338000,16,"COMPLETE",1
1449,10.01.22 18:11:41,167415000,243,"COMPLETE",11
1450,10.01.22 18:52:30,324331000,6,"COMPLETE",1
1451,10.01.22 19:06:48,689623000,16,"COMPLETE",16
1452,10.01.22 21:11:04,094560000,41,"COMPLETE",12
1453,11.01.22 06:43:12,631771000,58,"COMPLETE",1
1454,11.01.22 09:52:35,105893000,73,"COMPLETE",15
1455,11.01.22 14:35:59,390244000,4,"COMPLETE",1
1456,11.01.22 15:59:38,578005000,196,"COMPLETE",1
1457,12.01.22 00:05:28,510599000,386,"COMPLETE",1
1458,12.01.22 00:37:04,846172000,305,"COMPLETE",15
1459,12.01.22 02:13:03,026530000,207,"COMPLETE",1
1460,12.01.22 02:14:40,950697000,365,"COMPLETE",17
1461,12.01.22 03:57:26,379540000,288,"COMPLETE",1
1462,12.01.22 07:56:18,109652000,277,"COMPLETE",1
1463,12.01.22 10:23:16,488255000,262,"COMPLETE",1
1464,12.01.22 10:47:29,480815000,118,"COMPLETE",2
1465,12.01.22 14:32:01,255087000,121,"COMPLETE",5
1466,12.01.22 14:56:06,618239000,155,"COMPLETE",10
1467,12.01.22 22:27:49,292536000,352,"COMPLETE",4
1468,13.01.22 01:22:50,411160000,4,"COMPLETE",1
1469,13.01.22 02:41:07,282950000,26,"COMPLETE",1
1470,13.01.22 05:49:16,995245000,100,"COMPLETE",13
1471,13.01.22 06:25:29,562733000,14,"COMPLETE",14
1472,13.01.22 06:54:37,487333000,89,"COMPLETE",2
1473,13.01.22 07:37:37,564985000,202,"COMPLETE",1
1474,13.01.22 12:43:14,893004000,159,"COMPLETE",14
1475,13.01.22 18:23:33,261294000,158,"COMPLETE",13
1476,13.01.22 23:07:42,060035000,30,"COMPLETE",1
1477,14.01.22 05:19:30,895721000,329,"REFUNDED",1
1478,14.01.22 09:01:38,815650000,191,"COMPLETE",1
1479,14.01.22 11:10:46,110352000,128,"COMPLETE",12
1480,14.01.22 11:24:17,222526000,299,"COMPLETE",1
1481,14.01.22 12:54:50,897138000,321,"REFUNDED",2
1482,14.01.22 18:11:09,203373000,175,"COMPLETE",1
1483,14.01.22 19:04:58,793222000,14,"COMPLETE",14
1484,15.01.22 03:40:23,367151000,171,"COMPLETE",1
1485,15.01.22 04:16:38,867371000,157,"COMPLETE",1
1486,15.01.22 15:31:29,057027000,15,"COMPLETE",15
1487,15.01.22 20:50:06,727125000,26,"COMPLETE",1
1488,15.01.22 21:13:35,256598000,185,"COMPLETE",11
1489,15.01.22 22:10:42,616287000,130,"COMPLETE",1
1490,15.01.22 22:51:20,451280000,36,"COMPLETE",7
1491,16.01.22 08:12:31,926232000,1,"COMPLETE",1
1492,16.01.22 15:07:12,960092000,279,"COMPLETE",18
1493,16.01.22 16:03:12,072269000,385,"COMPLETE",8
1494,16.01.22 16:51:19,150725000,222,"COMPLETE",19
1495,16.01.22 22:38:09,829932000,192,"COMPLETE",18
1496,16.01.22 23:13:09,865736000,156,"COMPLETE",11
1497,17.01.22 05:05:28,757916000,349,"COMPLETE",1
1498,17.01.22 05:36:16,018250000,13,"COMPLETE",13
1499,17.01.22 06:45:34,876619000,372,"COMPLETE",1
1500,17.01.22 22:15:24,766390000,253,"COMPLETE",1
1501,18.01.22 01:25:26,902122000,199,"COMPLETE",1
1502,18.01.22 01:29:40,857728000,233,"COMPLETE",1
1503,18.01.22 07:55:26,868006000,138,"COMPLETE",1
1504,18.01.22 11:46:03,023561000,337,"COMPLETE",18
1505,18.01.22 15:53:56,159402000,136,"COMPLETE",1
1506,18.01.22 17:42:25,011049000,305,"COMPLETE",15
1507,18.01.22 17:53:07,780471000,227,"COMPLETE",1
1508,18.01.22 18:39:42,627981000,163,"COMPLETE",1
1509,19.01.22 09:39:16,677755000,166,"COMPLETE",1
1510,19.01.22 15:24:28,459498000,238,"COMPLETE",1
1511,19.01.22 17:23:58,817133000,135,"COMPLETE",19
1512,20.01.22 02:22:39,162360000,330,"COMPLETE",11
1513,20.01.22 04:13:26,887537000,20,"COMPLETE",1
1514,20.01.22 10:02:25,228710000,229,"COMPLETE",1
1515,20.01.22 10:45:45,740033000,230,"COMPLETE",1
1516,20.01.22 12:39:21,444753000,362,"COMPLETE",1
1517,20.01.22 15:10:17,077798000,237,"COMPLETE",1
1518,20.01.22 16:23:56,033984000,131,"COMPLETE",1
1519,20.01.22 21:58:45,353971000,202,"COMPLETE",1
1520,20.01.22 23:42:12,885651000,3,"COMPLETE",1
1521,21.01.22 00:43:04,319683000,147,"COMPLETE",1
1522,21.01.22 03:50:28,886641000,86,"COMPLETE",1
1523,21.01.22 09:35:14,026494000,392,"COMPLETE",15
1524,21.01.22 11:28:57,135392000,26,"COMPLETE",1
1525,21.01.22 13:17:54,579876000,10,"COMPLETE",1
1526,21.01.22 13:38:48,294208000,231,"COMPLETE",1
1527,21.01.22 14:09:32,107808000,214,"COMPLETE",1
1528,21.01.22 15:10:19,579936000,134,"COMPLETE",18
1529,21.01.22 16:15:14,166230000,71,"COMPLETE",13
1530,21.01.22 21:21:02,891366000,102,"COMPLETE",15
1531,22.01.22 02:53:15,189795000,364,"COMPLETE",16
1532,22.01.22 03:14:49,055500000,74,"COMPLETE",16
1533,22.01.22 07:54:53,209767000,215,"COMPLETE",12
1534,22.01.22 14:26:40,584799000,216,"COMPLETE",13
1535,22.01.22 14:38:17,438678000,295,"COMPLETE",1
1536,22.01.22 15:42:06,147014000,90,"COMPLETE",1
1537,22.01.22 17:35:03,611261000,91,"COMPLETE",1
1538,23.01.22 00:55:53,530855000,65,"COMPLETE",1
1539,23.01.22 02:20:40,932213000,273,"COMPLETE",1
1540,23.01.22 05:46:02,657977000,354,"COMPLETE",1
1541,23.01.22 06:45:56,402286000,257,"COMPLETE",1
1542,23.01.22 08:03:44,708824000,100,"COMPLETE",13
1543,23.01.22 11:49:58,042142000,8,"COMPLETE",1
1544,23.01.22 12:28:21,356074000,234,"COMPLETE",2
1545,23.01.22 17:33:51,085939000,359,"COMPLETE",1
1546,23.01.22 21:03:54,597996000,43,"COMPLETE",1
1547,23.01.22 22:12:54,425418000,218,"COMPLETE",15
1548,24.01.22 04:15:22,365957000,388,"COMPLETE",1
1549,24.01.22 04:24:15,088549000,19,"COMPLETE",1
1550,24.01.22 05:29:20,590604000,392,"COMPLETE",15
1551,24.01.22 07:19:32,303101000,357,"COMPLETE",9
1552,24.01.22 12:09:14,646254000,17,"COMPLETE",17
1553,24.01.22 14:58:11,820753000,162,"COMPLETE",17
1554,24.01.22 15:11:10,373484000,361,"COMPLETE",1
1555,24.01.22 15:17:49,859502000,7,"COMPLETE",7
1556,25.01.22 00:35:15,128597000,130,"COMPLETE",14
1557,25.01.22 03:37:55,631377000,240,"COMPLETE",8
1558,25.01.22 03:44:54,626100000,44,"COMPLETE",1
1559,25.01.22 05:16:00,179002000,75,"COMPLETE",17
1560,25.01.22 05:33:55,537004000,14,"COMPLETE",1
1561,25.01.22 07:56:53,190977000,8,"COMPLETE",8
1562,25.01.22 11:40:34,464521000,385,"COMPLETE",1
1563,25.01.22 13:07:53,572513000,188,"COMPLETE",14
1564,25.01.22 15:50:11,955944000,302,"COMPLETE",1
1565,25.01.22 18:35:35,748511000,270,"COMPLETE",1
1566,25.01.22 20:26:46,551509000,222,"COMPLETE",19
1567,26.01.22 03:23:23,423402000,336,"COMPLETE",17
1568,26.01.22 06:03:27,083643000,236,"COMPLETE",1
1569,26.01.22 07:44:24,805907000,297,"COMPLETE",7
1570,26.01.22 09:31:18,707593000,389,"COMPLETE",12
1571,26.01.22 13:48:41,485334000,296,"COMPLETE",1
1572,26.01.22 15:14:22,786425000,102,"COMPLETE",1
1573,26.01.22 19:49:26,409902000,133,"COMPLETE",17
1574,27.01.22 01:11:28,846935000,123,"CANCELLED",1
1575,27.01.22 09:32:01,833888000,360,"COMPLETE",1
1576,27.01.22 13:07:28,695223000,62,"COMPLETE",1
1577,27.01.22 20:35:42,382543000,208,"COMPLETE",1
1578,28.01.22 01:27:44,889001000,218,"COMPLETE",1
1579,28.01.22 03:34:02,554216000,184,"COMPLETE",1
1580,28.01.22 07:24:45,810617000,301,"COMPLETE",1
1581,28.01.22 10:10:51,045821000,154,"COMPLETE",9
1582,28.01.22 13:04:54,536364000,58,"COMPLETE",1
1583,28.01.22 18:31:10,736394000,274,"COMPLETE",13
1584,28.01.22 18:50:27,918012000,361,"COMPLETE",1
1585,28.01.22 21:24:05,798069000,75,"COMPLETE",17
1586,29.01.22 00:01:07,925745000,47,"COMPLETE",18
1587,29.01.22 02:16:34,254963000,130,"COMPLETE",14
1588,29.01.22 09:16:35,750226000,190,"COMPLETE",16
1589,29.01.22 09:42:17,840423000,160,"COMPLETE",1
1590,30.01.22 00:40:49,284310000,129,"COMPLETE",13
1591,30.01.22 02:22:26,738603000,183,"COMPLETE",9
1592,30.01.22 07:08:20,500220000,121,"COMPLETE",1
1593,30.01.22 08:07:51,335270000,139,"COMPLETE",1
1594,30.01.22 12:23:39,891308000,56,"COMPLETE",1
1595,30.01.22 14:00:37,145348000,72,"COMPLETE",14
1596,30.01.22 14:52:44,595505000,148,"COMPLETE",1
1597,30.01.22 15:45:55,123102000,276,"COMPLETE",1
1598,31.01.22 04:48:28,803079000,387,"COMPLETE",10
1599,31.01.22 05:36:59,561329000,83,"COMPLETE",1
1600,31.01.22 07:38:17,371686000,359,"COMPLETE",11
1601,31.01.22 15:40:52,143497000,179,"COMPLETE",1
1602,31.01.22 16:04:00,853750000,206,"COMPLETE",3
1603,31.01.22 16:31:05,953863000,205,"COMPLETE",1
1604,31.01.22 18:23:46,679133000,347,"COMPLETE",1
1605,31.01.22 18:54:01,567516000,306,"COMPLETE",16
1606,31.01.22 20:32:37,958480000,30,"COMPLETE",1
1607,01.02.22 00:00:43,351199000,317,"COMPLETE",1
1608,01.02.22 05:50:41,778246000,247,"COMPLETE",15
1609,01.02.22 10:57:06,908601000,192,"COMPLETE",18
1610,01.02.22 20:23:59,190046000,212,"COMPLETE",1
1611,01.02.22 20:42:19,054695000,166,"COMPLETE",1
1612,01.02.22 22:59:58,576087000,28,"COMPLETE",1
1613,02.02.22 06:51:23,250068000,306,"COMPLETE",1
1614,02.02.22 08:28:14,386011000,226,"COMPLETE",1
1615,02.02.22 17:53:27,402657000,128,"COMPLETE",1
1616,02.02.22 18:09:45,437493000,82,"COMPLETE",1
1617,02.02.22 18:47:45,874367000,160,"COMPLETE",15
1618,02.02.22 22:11:35,132291000,382,"COMPLETE",1
1619,03.02.22 00:16:40,775038000,228,"COMPLETE",1
1620,03.02.22 05:13:10,955291000,27,"COMPLETE",1
1621,03.02.22 10:09:23,422797000,47,"COMPLETE",1
1622,03.02.22 10:24:45,345920000,59,"COMPLETE",1
1623,03.02.22 11:37:12,453316000,211,"COMPLETE",8
1624,03.02.22 12:26:37,800063000,320,"COMPLETE",1
1625,04.02.22 00:27:06,951331000,163,"COMPLETE",1
1626,04.02.22 05:31:59,861293000,152,"COMPLETE",1
1627,04.02.22 10:12:07,240510000,275,"COMPLETE",1
1628,04.02.22 18:56:39,908022000,219,"COMPLETE",1
1629,04.02.22 19:46:26,765673000,162,"COMPLETE",17
1630,04.02.22 19:49:44,343199000,333,"COMPLETE",14
1631,04.02.22 23:45:10,993209000,257,"COMPLETE",1
1632,05.02.22 03:56:48,621656000,278,"COMPLETE",1
1633,05.02.22 05:09:36,167909000,76,"COMPLETE",18
1634,05.02.22 07:50:15,673414000,348,"COMPLETE",1
1635,05.02.22 13:18:25,041366000,11,"COMPLETE",11
1636,05.02.22 19:01:22,319515000,366,"COMPLETE",1
1637,06.02.22 02:16:49,481784000,12,"COMPLETE",1
1638,06.02.22 03:52:03,039999000,135,"COMPLETE",19
1639,06.02.22 04:33:54,085409000,72,"COMPLETE",1
1640,07.02.22 01:07:08,721930000,306,"COMPLETE",16
1641,07.02.22 01:15:19,464639000,388,"COMPLETE",11
1642,07.02.22 04:20:16,715809000,296,"COMPLETE",1
1643,07.02.22 10:10:25,523914000,192,"COMPLETE",18
1644,07.02.22 11:17:45,806853000,179,"COMPLETE",5
1645,07.02.22 13:58:20,175833000,205,"COMPLETE",1
1646,07.02.22 21:26:47,276126000,217,"REFUNDED",14
1647,08.02.22 13:38:43,389798000,217,"REFUNDED",1
1648,08.02.22 17:27:12,588841000,301,"COMPLETE",1
1649,09.02.22 04:18:49,864253000,312,"COMPLETE",1
1650,09.02.22 04:38:02,130617000,103,"COMPLETE",16
1651,09.02.22 11:20:07,757530000,319,"COMPLETE",1
1652,09.02.22 11:42:41,135380000,92,"COMPLETE",1
1653,09.02.22 15:03:24,206686000,359,"COMPLETE",1
1654,09.02.22 16:17:55,724750000,270,"COMPLETE",1
1655,09.02.22 17:25:19,011115000,362,"COMPLETE",14
1656,09.02.22 18:51:12,149141000,170,"COMPLETE",1
1657,09.02.22 20:47:37,176859000,77,"COMPLETE",1
1658,09.02.22 22:56:19,963634000,293,"COMPLETE",1
1659,10.02.22 01:15:53,995472000,18,"COMPLETE",18
1660,10.02.22 04:06:59,533131000,231,"COMPLETE",1
1661,10.02.22 05:53:49,483068000,354,"COMPLETE",6
1662,10.02.22 15:01:58,256455000,75,"COMPLETE",1
1663,11.02.22 03:26:54,103808000,105,"COMPLETE",18
1664,11.02.22 06:58:57,185057000,386,"COMPLETE",9
1665,11.02.22 12:40:18,478950000,94,"COMPLETE",7
1666,11.02.22 16:45:36,021967000,308,"COMPLETE",1
1667,12.02.22 05:16:10,520691000,304,"COMPLETE",14
1668,12.02.22 12:04:12,191553000,390,"COMPLETE",1
1669,12.02.22 14:28:16,434094000,366,"COMPLETE",1
1670,12.02.22 15:42:23,432106000,267,"COMPLETE",6
1671,12.02.22 18:28:45,861962000,179,"COMPLETE",1
1672,12.02.22 18:45:54,645798000,134,"COMPLETE",18
1673,12.02.22 20:17:56,991170000,70,"COMPLETE",1
1674,12.02.22 21:03:08,533120000,287,"COMPLETE",1
1675,13.02.22 01:47:51,628839000,280,"COMPLETE",1
1676,13.02.22 04:29:37,231511000,243,"COMPLETE",1
1677,13.02.22 06:06:24,822083000,330,"COMPLETE",1
1678,13.02.22 07:05:55,668836000,391,"COMPLETE",14
1679,13.02.22 16:58:46,419718000,74,"COMPLETE",16
1680,13.02.22 17:09:17,945048000,244,"COMPLETE",12
1681,14.02.22 02:41:48,417798000,104,"COMPLETE",17
1682,14.02.22 04:52:50,007364000,365,"COMPLETE",17
1683,14.02.22 09:44:52,790820000,179,"COMPLETE",1
1684,14.02.22 09:50:37,830011000,86,"COMPLETE",1
1685,14.02.22 11:23:06,397147000,370,"COMPLETE",1
1686,14.02.22 19:11:16,695791000,244,"COMPLETE",12
1687,14.02.22 19:32:37,348131000,351,"COMPLETE",3
1688,15.02.22 00:01:51,895423000,157,"REFUNDED",1
1689,15.02.22 00:52:47,867932000,149,"COMPLETE",1
1690,15.02.22 01:56:21,183267000,305,"COMPLETE",15
1691,15.02.22 07:45:43,436385000,358,"COMPLETE",10
1692,16.02.22 04:51:59,801488000,71,"COMPLETE",1
1693,16.02.22 08:59:33,773512000,228,"COMPLETE",1
1694,16.02.22 20:16:36,494515000,221,"COMPLETE",18
1695,16.02.22 20:56:42,737807000,106,"COMPLETE",19
1696,16.02.22 22:35:47,794626000,355,"COMPLETE",1
1697,17.02.22 01:52:55,492817000,367,"COMPLETE",19
1698,17.02.22 05:09:56,305443000,244,"REFUNDED",1
1699,17.02.22 18:37:31,277529000,45,"COMPLETE",16
1700,18.02.22 07:26:40,102589000,279,"COMPLETE",18
1701,18.02.22 10:22:35,754742000,223,"COMPLETE",20
1702,18.02.22 15:40:41,400022000,177,"COMPLETE",1
1703,18.02.22 18:31:15,416156000,131,"COMPLETE",15
1704,18.02.22 20:45:08,497076000,257,"COMPLETE",1
1705,19.02.22 03:54:22,547150000,140,"COMPLETE",1
1706,19.02.22 04:54:22,143160000,250,"COMPLETE",18
1707,19.02.22 08:59:40,760536000,194,"COMPLETE",20
1708,19.02.22 12:31:34,131369000,321,"COMPLETE",1
1709,19.02.22 13:43:26,706066000,219,"COMPLETE",16
1710,19.02.22 19:09:39,108273000,386,"COMPLETE",1
1711,19.02.22 22:59:02,938601000,220,"COMPLETE",1
1712,19.02.22 23:07:47,707259000,213,"COMPLETE",10
1713,20.02.22 00:04:52,102983000,304,"COMPLETE",14
1714,20.02.22 01:52:39,302373000,193,"COMPLETE",19
1715,20.02.22 03:29:46,650563000,282,"COMPLETE",1
1716,20.02.22 10:50:39,974393000,336,"COMPLETE",17
1717,20.02.22 16:02:05,809720000,180,"COMPLETE",1
1718,20.02.22 16:19:43,190304000,179,"COMPLETE",5
1719,21.02.22 09:49:46,702908000,362,"COMPLETE",1
1720,21.02.22 15:25:35,538551000,269,"CANCELLED",1
1721,21.02.22 21:06:14,314514000,162,"COMPLETE",17
1722,21.02.22 22:13:15,359312000,338,"COMPLETE",19
1723,22.02.22 02:39:26,423109000,133,"COMPLETE",17
1724,22.02.22 05:59:26,155601000,241,"COMPLETE",1
1725,22.02.22 09:05:07,239334000,251,"COMPLETE",19
1726,22.02.22 09:46:18,378993000,157,"COMPLETE",1
1727,22.02.22 12:12:54,757627000,49,"COMPLETE",20
1728,22.02.22 12:16:46,655188000,238,"COMPLETE",1
1729,23.02.22 00:13:30,251316000,141,"COMPLETE",1
1730,23.02.22 02:34:28,490023000,10,"COMPLETE",10
1731,23.02.22 20:53:32,461195000,19,"COMPLETE",19
1732,24.02.22 04:23:06,258784000,380,"COMPLETE",3
1733,24.02.22 14:14:50,722950000,101,"COMPLETE",14
1734,24.02.22 17:17:13,907822000,236,"COMPLETE",4
1735,24.02.22 19:16:47,405953000,239,"COMPLETE",1
1736,25.02.22 03:47:12,996505000,239,"COMPLETE",7
1737,25.02.22 04:51:57,912445000,234,"COMPLETE",1
1738,25.02.22 05:18:04,273082000,376,"COMPLETE",1
1739,25.02.22 06:20:32,875439000,340,"COMPLETE",1
1740,25.02.22 07:39:43,509648000,278,"COMPLETE",17
1741,25.02.22 10:30:26,839675000,310,"COMPLETE",20
1742,25.02.22 13:09:13,678603000,142,"COMPLETE",1
1743,26.02.22 04:57:41,905356000,364,"COMPLETE",1
1744,26.02.22 05:05:37,459393000,48,"COMPLETE",19
1745,26.02.22 17:59:02,818151000,346,"COMPLETE",1
1746,26.02.22 19:51:08,065203000,222,"COMPLETE",19
1747,26.02.22 22:27:58,344974000,250,"COMPLETE",18
1748,27.02.22 00:15:11,275150000,176,"COMPLETE",1
1749,27.02.22 04:41:18,382887000,223,"COMPLETE",20
1750,27.02.22 05:35:03,207407000,307,"COMPLETE",17
1751,27.02.22 08:38:41,219916000,308,"COMPLETE",18
1752,27.02.22 08:49:22,987499000,194,"COMPLETE",20
1753,27.02.22 12:52:39,253623000,254,"COMPLETE",1
1754,27.02.22 20:33:14,405775000,195,"COMPLETE",21
1755,28.02.22 01:40:51,036287000,259,"COMPLETE",1
1756,28.02.22 04:08:00,296455000,79,"COMPLETE",21
1757,28.02.22 04:28:49,069226000,132,"COMPLETE",16
1758,28.02.22 04:33:57,273574000,362,"COMPLETE",14
1759,28.02.22 16:19:29,908024000,108,"COMPLETE",21
1760,28.02.22 19:51:10,834453000,78,"COMPLETE",20
1761,28.02.22 22:14:29,148327000,159,"COMPLETE",14
1762,01.03.22 04:04:31,061014000,278,"COMPLETE",1
1763,01.03.22 06:35:42,366734000,267,"COMPLETE",1
1764,01.03.22 08:47:30,382310000,317,"COMPLETE",1
1765,01.03.22 16:04:21,806138000,160,"COMPLETE",15
1766,01.03.22 16:33:31,990534000,280,"COMPLETE",19
1767,01.03.22 20:33:34,836408000,164,"COMPLETE",19
1768,02.03.22 04:28:37,995437000,368,"COMPLETE",20
1769,02.03.22 05:05:14,839703000,308,"COMPLETE",1
1770,02.03.22 06:58:09,917258000,340,"COMPLETE",1
1771,02.03.22 22:41:49,560924000,364,"COMPLETE",1
1772,03.03.22 09:15:47,418670000,341,"COMPLETE",1
1773,03.03.22 12:23:44,550529000,281,"COMPLETE",20
1774,03.03.22 15:23:58,258038000,281,"COMPLETE",20
1775,03.03.22 18:44:22,601072000,21,"COMPLETE",21
1776,03.03.22 23:01:32,876902000,20,"COMPLETE",20
1777,04.03.22 00:36:26,652239000,271,"COMPLETE",1
1778,04.03.22 01:32:13,955762000,286,"COMPLETE",1
1779,04.03.22 02:49:36,304622000,246,"COMPLETE",1
1780,04.03.22 06:29:25,910248000,272,"CANCELLED",11
1781,04.03.22 06:52:24,646924000,248,"COMPLETE",16
1782,04.03.22 07:25:26,062677000,300,"COMPLETE",1
1783,04.03.22 12:32:14,470019000,386,"COMPLETE",1
1784,04.03.22 17:36:39,891421000,108,"COMPLETE",21
1785,05.03.22 01:44:18,946785000,284,"COMPLETE",1
1786,05.03.22 09:11:58,230033000,137,"COMPLETE",21
1787,05.03.22 14:20:39,440797000,311,"COMPLETE",21
1788,05.03.22 22:50:00,261525000,278,"COMPLETE",17
1789,06.03.22 10:19:31,390986000,359,"COMPLETE",1
1790,06.03.22 12:36:19,692532000,77,"COMPLETE",19
1791,06.03.22 13:45:58,672579000,332,"COMPLETE",13
1792,06.03.22 19:39:34,415579000,251,"COMPLETE",19
1793,06.03.22 23:17:49,990617000,158,"COMPLETE",13
1794,07.03.22 02:59:15,029147000,237,"COMPLETE",5
1795,07.03.22 05:43:17,990211000,240,"COMPLETE",8
1796,07.03.22 18:11:57,595424000,344,"COMPLETE",1
1797,07.03.22 19:53:51,879138000,339,"COMPLETE",20
1798,07.03.22 23:24:10,622223000,166,"COMPLETE",21
1799,07.03.22 23:46:36,717350000,308,"COMPLETE",18
1800,08.03.22 01:55:29,518821000,283,"COMPLETE",1
1801,08.03.22 17:20:57,160144000,335,"COMPLETE",16
1802,08.03.22 19:28:30,299396000,283,"COMPLETE",1
1803,08.03.22 22:15:57,540921000,363,"COMPLETE",15
1804,09.03.22 01:22:06,829006000,256,"COMPLETE",1
1805,09.03.22 03:31:01,637222000,277,"COMPLETE",16
1806,09.03.22 08:31:13,005280000,242,"COMPLETE",1
1807,09.03.22 09:16:47,441189000,21,"COMPLETE",21
1808,09.03.22 10:33:24,254670000,20,"COMPLETE",20
1809,09.03.22 12:45:07,524410000,195,"COMPLETE",21
1810,09.03.22 15:23:41,004131000,386,"COMPLETE",9
1811,09.03.22 17:31:53,231172000,159,"COMPLETE",14
1812,09.03.22 23:33:44,560390000,365,"COMPLETE",17
1813,10.03.22 06:10:18,680678000,191,"COMPLETE",17
1814,10.03.22 09:21:02,444428000,359,"COMPLETE",1
1815,10.03.22 09:42:56,604224000,79,"COMPLETE",21
1816,10.03.22 13:56:47,140304000,109,"COMPLETE",22
1817,10.03.22 21:54:25,125750000,8,"COMPLETE",8
1818,11.03.22 03:29:28,501366000,340,"COMPLETE",21
1819,11.03.22 07:20:17,942291000,22,"COMPLETE",22
1820,12.03.22 03:34:51,627970000,49,"COMPLETE",20
1821,12.03.22 05:09:38,031580000,135,"COMPLETE",19
1822,12.03.22 12:49:36,705140000,51,"COMPLETE",22
1823,12.03.22 23:20:21,120027000,296,"COMPLETE",1
1824,12.03.22 23:56:53,384122000,21,"COMPLETE",21
1825,13.03.22 02:19:24,671942000,219,"COMPLETE",16
1826,13.03.22 08:53:00,576395000,223,"COMPLETE",20
1827,13.03.22 11:56:16,502101000,310,"COMPLETE",20
1828,13.03.22 16:10:34,107048000,107,"COMPLETE",20
1829,14.03.22 00:33:04,571752000,77,"COMPLETE",19
1830,14.03.22 02:07:24,615426000,50,"COMPLETE",21
1831,14.03.22 08:32:36,013193000,187,"COMPLETE",13
1832,14.03.22 14:31:02,679132000,277,"COMPLETE",16
1833,14.03.22 20:22:23,635591000,340,"COMPLETE",21
1834,14.03.22 21:09:45,994744000,278,"COMPLETE",17
1835,15.03.22 00:35:19,542550000,51,"COMPLETE",22
1836,15.03.22 01:56:03,346026000,267,"COMPLETE",1
1837,15.03.22 02:59:52,218116000,282,"COMPLETE",21
1838,15.03.22 03:50:48,032274000,49,"COMPLETE",20
1839,15.03.22 09:28:08,961711000,353,"CANCELLED",1
1840,15.03.22 18:28:42,915253000,138,"COMPLETE",22
1841,15.03.22 21:34:58,163284000,80,"COMPLETE",22
1842,16.03.22 00:53:38,171933000,183,"COMPLETE",9
1843,16.03.22 04:25:16,124108000,338,"COMPLETE",19
1844,16.03.22 07:20:45,523687000,310,"COMPLETE",20
1845,16.03.22 23:13:25,255852000,194,"COMPLETE",20
1846,16.03.22 23:23:27,800966000,258,"COMPLETE",1
1847,17.03.22 00:46:32,285709000,266,"COMPLETE",1
1848,17.03.22 06:33:56,523112000,125,"COMPLETE",9
1849,17.03.22 08:32:08,604116000,209,"COMPLETE",6
1850,17.03.22 11:27:30,771409000,369,"COMPLETE",21
1851,17.03.22 15:55:32,802570000,340,"COMPLETE",21
1852,17.03.22 19:22:32,493840000,326,"COMPLETE",1
1853,17.03.22 23:26:43,333353000,77,"COMPLETE",19
1854,18.03.22 01:24:20,184511000,277,"COMPLETE",1
1855,18.03.22 06:50:34,800957000,391,"COMPLETE",14
1856,18.03.22 19:57:10,039741000,357,"COMPLETE",1
1857,18.03.22 21:02:38,459796000,309,"COMPLETE",19
1858,19.03.22 00:17:30,802910000,165,"REFUNDED",20
1859,19.03.22 04:14:48,592142000,336,"COMPLETE",17
1860,19.03.22 06:19:55,352793000,281,"COMPLETE",20
1861,19.03.22 15:59:09,690113000,292,"COMPLETE",1
1862,19.03.22 18:25:09,902005000,365,"COMPLETE",1
1863,19.03.22 21:11:45,776859000,253,"COMPLETE",21
1864,20.03.22 00:09:41,191227000,375,"COMPLETE",1
1865,20.03.22 01:43:00,637850000,224,"COMPLETE",21
1866,20.03.22 19:13:19,500719000,51,"COMPLETE",22
1867,20.03.22 20:15:53,555877000,266,"COMPLETE",1
1868,21.03.22 07:21:49,590479000,252,"COMPLETE",20
1869,21.03.22 11:03:22,167941000,279,"COMPLETE",18
1870,21.03.22 15:07:31,851060000,318,"COMPLETE",1
1871,21.03.22 19:50:08,213950000,161,"COMPLETE",16
1872,21.03.22 23:09:23,940955000,166,"COMPLETE",21
1873,22.03.22 02:35:48,305225000,58,"COMPLETE",23
1874,22.03.22 08:19:52,101335000,106,"COMPLETE",19
1875,22.03.22 15:00:45,932302000,167,"COMPLETE",22
1876,23.03.22 10:04:01,692610000,334,"COMPLETE",15
1877,23.03.22 19:00:10,427019000,351,"COMPLETE",1
1878,23.03.22 23:04:14,280162000,366,"COMPLETE",18
1879,24.03.22 06:25:17,851265000,116,"COMPLETE",23
1880,24.03.22 07:07:34,982857000,29,"COMPLETE",23
1881,24.03.22 11:48:41,624382000,276,"COMPLETE",15
1882,24.03.22 14:39:17,373455000,79,"COMPLETE",21
1883,24.03.22 17:06:14,312057000,371,"COMPLETE",1
1884,25.03.22 01:53:34,352284000,254,"COMPLETE",22
1885,25.03.22 02:52:16,631428000,166,"COMPLETE",21
1886,25.03.22 06:39:41,463926000,203,"COMPLETE",23
1887,25.03.22 07:17:03,126552000,29,"COMPLETE",23
1888,25.03.22 10:02:48,828209000,138,"COMPLETE",22
1889,25.03.22 12:24:19,099743000,167,"COMPLETE",22
1890,25.03.22 23:31:58,636926000,7,"COMPLETE",7
1891,26.03.22 19:49:32,965311000,58,"COMPLETE",23
1892,26.03.22 21:14:20,743019000,80,"COMPLETE",22
1893,27.03.22 04:31:10,928965000,225,"COMPLETE",22
1894,27.03.22 13:26:24,824033000,332,"COMPLETE",1
1895,27.03.22 21:29:34,311413000,29,"COMPLETE",23
1896,27.03.22 22:05:21,921377000,333,"COMPLETE",14
1897,27.03.22 23:34:52,902797000,87,"COMPLETE",23
1898,28.03.22 00:50:41,782415000,368,"COMPLETE",20
1899,28.03.22 01:34:42,169219000,341,"COMPLETE",22
1900,28.03.22 10:04:59,865350000,339,"COMPLETE",1
1901,28.03.22 19:19:17,452940000,61,"COMPLETE",3
1902,28.03.22 22:30:29,485553000,232,"COMPLETE",23
1903,28.03.22 23:33:11,038702000,164,"COMPLETE",19
1904,29.03.22 01:41:33,203402000,224,"COMPLETE",21
1905,29.03.22 02:31:44,813863000,347,"COMPLETE",1
1906,29.03.22 11:32:51,439905000,309,"COMPLETE",1
1907,29.03.22 18:01:16,508490000,312,"COMPLETE",22
1908,29.03.22 18:46:08,118387000,224,"COMPLETE",21
1909,29.03.22 21:43:10,469552000,345,"COMPLETE",1
1910,30.03.22 01:37:15,392243000,109,"COMPLETE",22
1911,30.03.22 09:18:13,207605000,311,"COMPLETE",21
1912,30.03.22 11:05:48,922577000,195,"COMPLETE",21
1913,31.03.22 06:07:36,488545000,283,"COMPLETE",22
1914,31.03.22 18:29:01,038321000,58,"COMPLETE",23
1915,31.03.22 20:48:11,088429000,261,"COMPLETE",23
1916,01.04.22 05:27:32,922332000,87,"COMPLETE",23
1917,01.04.22 11:16:45,297958000,225,"COMPLETE",22
1918,01.04.22 13:37:14,376157000,254,"COMPLETE",22
1919,01.04.22 14:03:52,732709000,145,"COMPLETE",23
1920,01.04.22 15:19:17,592317000,145,"COMPLETE",23
1921,02.04.22 01:48:41,157805000,261,"COMPLETE",23
1922,02.04.22 15:52:49,213390000,339,"COMPLETE",20
1923,03.04.22 10:47:49,417719000,354,"COMPLETE",1
1924,03.04.22 13:40:01,840676000,232,"COMPLETE",23
1925,03.04.22 14:02:33,418296000,87,"COMPLETE",23
1926,03.04.22 19:05:04,600442000,366,"COMPLETE",18
1927,04.04.22 00:53:58,792754000,196,"COMPLETE",22
1928,04.04.22 15:24:06,034344000,367,"COMPLETE",19
1929,04.04.22 20:14:44,084942000,165,"REFUNDED",20
1930,04.04.22 20:24:44,505645000,338,"COMPLETE",19
1931,05.04.22 00:26:49,495590000,136,"COMPLETE",20
1932,05.04.22 08:43:51,766135000,319,"COMPLETE",23
1933,05.04.22 20:57:16,206628000,254,"COMPLETE",22
1934,06.04.22 00:19:35,005649000,370,"CANCELLED",22
1935,06.04.22 04:30:16,153051000,370,"CANCELLED",22
1936,06.04.22 15:32:41,785093000,312,"COMPLETE",22
1937,07.04.22 06:54:49,039864000,312,"COMPLETE",22
1938,07.04.22 18:31:50,146426000,370,"CANCELLED",22
1939,08.04.22 06:54:19,862383000,174,"COMPLETE",23
1940,08.04.22 08:57:49,237653000,203,"COMPLETE",23
1941,08.04.22 23:16:55,199255000,290,"COMPLETE",23
1942,10.04.22 03:36:17,661842000,203,"COMPLETE",23
1943,10.04.22 08:14:01,961369000,377,"COMPLETE",23
1944,10.04.22 10:14:27,406048000,367,"COMPLETE",19
1945,10.04.22 15:49:31,059138000,341,"COMPLETE",22
1946,10.04.22 18:22:55,181577000,348,"COMPLETE",23
1947,11.04.22 03:49:08,760887000,377,"COMPLETE",23
1948,11.04.22 03:49:45,728115000,319,"COMPLETE",23
1949,11.04.22 19:14:31,588169000,348,"COMPLETE",23
1950,12.04.22 21:41:06,642641000,348,"COMPLETE",23
