"ORDER_ID","LINE_ITEM_ID","PRODUCT_ID","UNIT_PRICE","QUANTITY","SHIPMENT_ID"
567,3,15,13,97,3,806
568,1,45,31,68,2,808
568,2,30,37,34,3,807
568,3,21,38,34,4,808
569,1,39,11,2,809
569,2,34,23,32,3,809
569,3,31,28,59,3,810
570,1,33,37,2,446
571,1,8,19,58,4,812
571,2,24,48,39,3,812
572,1,37,29,51,2,686
572,2,25,9,8,1,813
572,3,3,16,67,4,814
573,1,20,28,21,3,815
574,1,29,24,71,5,816
574,2,42,10,11,3,395
575,1,9,21,16,1,818
575,2,13,12,64,4,817
576,1,31,28,59,4,
576,2,30,37,34,1,
577,1,33,37,4,821
577,2,17,39,89,2,75
577,3,27,39,91,2,820
578,1,38,22,98,5,823
578,2,33,37,5,822
578,3,13,12,64,5,824
579,1,20,28,21,5,
580,1,3,16,67,1,825
581,1,15,13,97,1,826
581,2,22,39,78,5,826
581,3,6,38,28,1,826
582,1,8,19,58,4,827
582,2,26,48,75,5,827
583,1,19,14,34,4,829
583,2,33,37,4,829
583,3,40,34,06,2,828
584,1,7,19,16,3,
585,1,29,24,71,3,831
585,2,31,28,59,2,830
585,3,37,29,51,4,830
586,1,36,49,12,2,832
586,2,6,38,28,2,832
587,1,27,39,91,3,833
587,2,28,10,24,4,834
588,1,4,44,17,3,835
589,1,25,9,8,5,836
589,2,43,16,64,1,836
590,1,45,31,68,3,837
591,1,26,48,75,2,
592,1,18,24,46,5,838
592,2,31,28,59,3,838
593,1,34,23,32,3,839
593,2,40,34,06,3,839
593,3,18,24,46,2,840
594,1,21,38,34,4,841
594,2,25,9,8,4,841
595,1,6,38,28,2,842
596,1,31,28,59,4,
597,1,10,29,49,1,843
597,2,9,21,16,1,843
598,1,29,24,71,3,844
598,2,25,9,8,3,845
599,1,36,49,12,3,846
599,2,25,9,8,5,846
600,1,21,38,34,2,
600,2,29,24,71,4,
601,1,22,39,78,2,
601,2,38,22,98,2,
602,1,37,29,51,2,847
603,1,23,10,33,2,848
603,2,27,39,91,4,848
604,1,31,28,59,5,849
604,2,39,11,3,849
604,3,25,9,8,2,850
605,1,32,5,65,5,852
605,2,31,28,59,4,851
606,1,15,13,97,4,853
606,2,26,48,75,3,853
607,1,28,10,24,1,855
607,2,25,9,8,2,854
608,1,15,13,97,5,856
608,2,23,10,33,5,856
608,3,35,7,18,3,856
609,1,33,37,5,858
610,1,20,28,21,4,859
610,2,22,39,78,2,859
610,3,41,8,66,1,859
611,1,45,31,68,4,860
611,2,16,13,09,1,860
612,1,28,10,24,1,861
612,2,15,13,97,2,861
613,1,40,34,06,3,862
613,2,14,26,14,5,863
614,1,43,16,64,2,
614,2,3,16,67,1,
614,3,17,39,89,3,
615,1,44,39,32,2,864
615,2,27,39,91,2,864
616,1,24,48,39,4,865
617,1,17,39,89,4,
618,1,25,9,8,3,866
618,2,36,49,12,3,867
619,1,16,13,09,5,868
619,2,2,29,55,5,868
619,3,19,14,34,3,868
620,1,45,31,68,2,869
620,2,30,37,34,2,870
621,1,38,22,98,1,871
621,2,7,19,16,2,871
622,1,30,37,34,2,873
622,2,19,14,34,2,872
623,1,12,10,48,2,874
624,1,5,43,71,2,877
624,2,26,48,75,4,875
624,3,21,38,34,4,875
625,1,8,19,58,3,
625,2,6,38,28,2,
626,1,12,10,48,4,
627,1,42,10,11,2,
627,2,39,11,4,
628,1,25,9,8,1,879
628,2,26,48,75,3,878
628,3,9,21,16,4,878
629,1,33,37,2,880
629,2,29,24,71,4,881
630,1,40,34,06,2,883
630,2,19,14,34,4,882
630,3,30,37,34,4,882
631,1,42,10,11,3,
631,2,5,43,71,3,
631,3,40,34,06,4,
632,1,2,29,55,1,884
632,2,21,38,34,4,885
633,1,43,16,64,2,886
633,2,4,44,17,2,887
633,3,9,21,16,3,887
634,1,12,10,48,2,889
634,2,17,39,89,2,888
635,1,36,49,12,4,890
635,2,24,48,39,1,890
635,3,8,19,58,5,891
636,1,5,43,71,3,892
637,1,9,21,16,2,
637,2,14,26,14,1,
638,1,2,29,55,4,893
639,1,34,23,32,4,895
639,2,32,5,65,2,894
640,1,3,16,67,3,896
640,2,17,39,89,2,897
641,1,4,44,17,2,898
641,2,20,28,21,5,899
642,1,13,12,64,4,900
642,2,6,38,28,2,900
643,1,43,16,64,2,901
643,2,46,27,64,2,902
644,1,23,10,33,3,663
644,2,40,34,06,3,904
645,1,8,19,58,5,906
645,2,16,13,09,2,905
646,1,18,24,46,5,907
646,2,2,29,55,4,907
647,1,8,19,58,2,
647,2,18,24,46,3,
648,1,26,48,75,2,910
648,2,44,39,32,3,909
648,3,33,37,4,827
649,1,5,43,71,1,
649,2,10,29,49,4,
650,1,23,10,33,3,911
650,2,18,24,46,2,911
651,1,40,34,06,1,
651,2,24,48,39,1,
652,1,13,12,64,2,913
652,2,44,39,32,3,912
653,1,28,10,24,3,915
653,2,36,49,12,3,671
653,3,12,10,48,5,915
654,1,22,39,78,2,916
654,2,32,5,65,5,554
655,1,33,37,5,918
655,2,11,30,69,4,918
656,1,9,21,16,3,920
656,2,38,22,98,1,919
657,1,39,11,3,
657,2,35,7,18,3,
657,3,44,39,32,4,
658,1,4,44,17,4,922
658,2,45,31,68,4,923
658,3,22,39,78,3,921
659,1,42,10,11,4,925
659,2,34,23,32,4,924
660,1,32,5,65,1,613
660,2,33,37,2,926
661,1,19,14,34,4,927
661,2,10,29,49,1,927
662,1,12,10,48,5,929
662,2,6,38,28,3,928
663,1,35,7,18,2,930
664,1,23,10,33,1,931
665,1,25,9,8,2,803
665,2,27,39,91,5,932
666,1,18,24,46,3,933
667,1,4,44,17,3,
667,2,22,39,78,4,
668,1,31,28,59,3,934
668,2,14,26,14,3,934
669,1,37,29,51,2,935
669,2,28,10,24,5,936
670,1,2,29,55,1,937
670,2,22,39,78,4,937
671,1,9,21,16,2,938
671,2,34,23,32,3,938
672,1,46,39,16,4,
673,1,22,39,78,3,939
673,2,11,30,69,5,939
674,1,12,10,48,3,940
674,2,27,39,91,1,940
675,1,41,8,66,1,
675,2,36,49,12,2,
676,1,8,19,58,4,941
676,2,36,49,12,3,941
676,3,5,43,71,3,941
677,1,37,29,51,4,
678,1,27,39,91,4,942
678,2,5,43,71,3,943
678,3,35,7,18,2,943
679,1,20,28,21,5,944
679,2,26,48,75,4,944
680,1,3,16,67,1,945
680,2,9,21,16,1,945
681,1,13,12,64,2,
682,1,8,19,58,4,946
682,2,42,10,11,4,947
683,1,8,19,58,5,948
683,2,23,10,33,3,949
684,1,20,28,21,3,950
684,2,18,24,46,5,950
685,1,44,39,32,2,953
685,2,10,29,49,4,952
686,1,10,29,49,3,954
686,2,12,10,48,5,954
687,1,42,10,11,2,956
687,2,13,12,64,2,955
688,1,37,29,51,2,226
688,2,8,19,58,3,958
689,1,9,21,16,4,
689,2,11,30,69,4,
690,1,31,28,59,5,959
690,2,5,43,71,4,960
691,1,7,19,16,3,
692,1,13,12,64,4,
692,2,46,39,16,2,
692,3,38,22,98,2,
693,1,12,10,48,4,961
693,2,32,5,65,4,961
694,1,39,11,4,962
694,2,43,16,64,1,963
695,1,18,24,46,4,964
696,1,3,16,67,4,
696,2,26,48,75,4,
697,1,29,24,71,4,
698,1,9,21,16,2,965
699,1,36,49,12,4,966
699,2,38,22,98,3,966
700,1,45,31,68,4,967
700,2,36,49,12,1,967
700,3,33,37,3,968
701,1,21,38,34,5,970
701,2,26,48,75,4,969
701,3,19,14,34,2,969
702,1,15,13,97,2,972
702,2,25,9,8,2,971
703,1,43,16,64,3,973
704,1,13,12,64,2,975
704,2,2,29,55,5,974
705,1,10,29,49,2,
705,2,44,39,32,5,
706,1,30,37,34,4,976
707,1,18,24,46,3,977
708,1,31,28,59,2,978
708,2,14,26,14,2,978
709,1,27,39,91,4,979
709,2,19,14,34,3,979
710,1,44,39,32,2,482
711,1,40,34,06,3,981
712,1,25,9,8,3,571
713,1,7,19,16,3,
713,2,20,28,21,3,
1,1,33,37,4,
1,2,11,30,69,2,
2,1,41,8,66,3,1
2,2,32,5,65,5,1
3,1,41,8,66,5,2
4,1,20,28,21,2,3
4,2,38,22,98,4,3
4,3,46,39,16,4,3
5,1,40,34,06,4,4
5,2,32,5,65,3,5
6,1,6,38,28,3,6
6,2,9,21,16,4,6
7,1,36,49,12,4,7
7,2,29,24,71,1,7
8,1,36,49,12,4,10
8,2,38,22,98,4,8
8,3,46,27,64,1,9
9,1,15,13,97,5,11
9,2,32,5,65,2,12
10,1,27,39,91,3,13
10,2,34,23,32,5,13
10,3,5,43,71,3,14
11,1,3,16,67,4,15
12,1,5,43,71,1,16
12,2,46,39,16,3,16
13,1,46,39,16,4,17
14,1,31,28,59,1,18
15,1,33,37,2,20
15,2,32,5,65,2,19
16,1,41,8,66,5,21
16,2,34,23,32,4,22
17,1,46,39,16,4,23
17,2,26,48,75,4,23
18,1,17,39,89,4,25
18,2,27,39,91,4,25
19,1,13,12,64,3,27
19,2,8,19,58,2,26
19,3,24,48,39,4,27
20,1,27,39,91,4,
20,2,9,21,16,2,
20,3,32,5,65,2,
21,1,38,22,98,1,28
21,2,11,30,69,4,29
22,1,10,29,49,2,30
22,2,30,37,34,5,31
23,1,33,37,4,32
23,2,9,21,16,1,33
24,1,26,48,75,1,35
24,2,10,29,49,1,34
25,1,36,49,12,2,36
26,1,14,26,14,2,37
26,2,20,28,21,2,38
27,1,39,11,2,39
27,2,4,44,17,3,39
27,3,11,30,69,2,40
28,1,38,22,98,4,41
28,2,36,49,12,3,42
29,1,26,48,75,2,43
29,2,23,10,33,4,43
30,1,22,39,78,5,44
30,2,41,8,66,2,45
31,1,46,39,16,2,46
31,2,37,29,51,5,47
32,1,13,12,64,3,
33,1,7,19,16,3,49
33,2,25,9,8,4,48
34,1,14,26,14,3,50
35,1,35,7,18,4,51
35,2,32,5,65,5,52
36,1,38,22,98,4,53
36,2,30,37,34,2,53
37,1,16,13,09,4,55
37,2,32,5,65,5,54
38,1,3,16,67,3,57
38,2,41,8,66,1,57
38,3,18,24,46,3,56
39,1,41,8,66,2,58
39,2,26,48,75,2,58
40,1,40,34,06,2,59
41,1,9,21,16,4,61
41,2,40,34,06,1,60
42,1,45,31,68,4,62
42,2,2,29,55,2,63
43,1,39,11,4,64
43,2,28,10,24,3,64
44,1,42,10,11,3,66
44,2,26,48,75,5,66
45,1,30,37,34,5,67
45,2,11,30,69,2,67
46,1,45,31,68,5,68
47,1,30,37,34,2,69
47,2,28,10,24,3,61
48,1,12,10,48,4,70
48,2,38,22,98,4,71
49,1,27,39,91,4,72
49,2,39,11,4,72
50,1,32,5,65,3,73
50,2,41,8,66,3,74
51,1,38,22,98,2,49
52,1,15,13,97,2,77
52,2,17,39,89,3,76
53,1,9,21,16,3,78
54,1,44,39,32,4,80
54,2,2,29,55,4,80
54,3,43,16,64,3,79
55,1,33,37,1,81
55,2,17,39,89,4,82
56,1,2,29,55,3,83
57,1,28,10,24,5,84
58,1,15,13,97,1,86
58,2,21,38,34,4,85
59,1,7,19,16,1,87
59,2,39,11,3,88
60,1,13,12,64,3,89
60,2,19,14,34,3,90
60,3,3,16,67,3,89
61,1,46,27,64,5,91
62,1,3,16,67,2,92
62,2,40,34,06,3,94
62,3,13,12,64,2,92
63,1,7,19,16,3,95
63,2,24,48,39,2,95
64,1,10,29,49,3,97
64,2,23,10,33,4,96
64,3,5,43,71,1,98
65,1,40,34,06,2,100
65,2,10,29,49,3,99
65,3,5,43,71,2,100
66,1,5,43,71,5,102
66,2,12,10,48,5,101
67,1,4,44,17,1,103
67,2,20,28,21,3,104
68,1,29,24,71,4,105
68,2,8,19,58,4,106
69,1,21,38,34,2,107
69,2,23,10,33,2,107
70,1,23,10,33,3,108
70,2,30,37,34,3,108
71,1,6,38,28,1,109
72,1,27,39,91,5,111
72,2,17,39,89,4,110
73,1,37,29,51,4,112
73,2,39,11,2,113
74,1,17,39,89,4,115
74,2,12,10,48,5,114
74,3,2,29,55,5,114
75,1,17,39,89,5,116
76,1,33,37,5,117
76,2,20,28,21,1,118
77,1,5,43,71,1,119
77,2,3,16,67,2,120
78,1,3,16,67,4,122
78,2,35,7,18,1,121
78,3,9,21,16,5,121
79,1,34,23,32,2,123
79,2,8,19,58,4,124
79,3,4,44,17,3,124
80,1,41,8,66,2,125
80,2,8,19,58,5,125
81,1,18,24,46,5,126
81,2,42,10,11,1,127
82,1,21,38,34,2,128
82,2,10,29,49,1,128
83,1,13,12,64,4,130
83,2,26,48,75,4,131
84,1,31,28,59,1,133
84,2,30,37,34,5,133
84,3,11,30,69,1,132
85,1,4,44,17,2,134
85,2,13,12,64,1,134
86,1,45,31,68,5,135
86,2,30,37,34,5,135
87,1,22,39,78,2,136
87,2,2,29,55,5,137
87,3,21,38,34,1,137
88,1,25,9,8,2,
89,1,33,37,1,139
89,2,32,5,65,4,138
90,1,5,43,71,2,141
90,2,14,26,14,5,140
91,1,16,13,09,2,142
92,1,15,13,97,1,143
93,1,26,48,75,4,144
93,2,3,16,67,4,144
94,1,4,44,17,2,145
94,2,39,11,3,146
94,3,40,34,06,4,145
95,1,30,37,34,4,147
95,2,45,31,68,2,147
96,1,29,24,71,3,148
97,1,22,39,78,4,150
97,2,20,28,21,4,149
98,1,38,22,98,4,151
98,2,30,37,34,3,151
99,1,23,10,33,2,153
99,2,20,28,21,3,74
100,1,11,30,69,3,154
101,1,34,23,32,2,156
101,2,35,7,18,5,155
102,1,18,24,46,5,158
102,2,3,16,67,4,157
103,1,30,37,34,5,159
103,2,41,8,66,3,160
104,1,19,14,34,4,161
104,2,35,7,18,1,161
105,1,30,37,34,1,163
106,1,39,11,1,165
106,2,38,22,98,4,164
107,1,7,19,16,1,167
107,2,10,29,49,2,166
108,1,44,39,32,4,
108,2,28,10,24,4,
108,3,45,31,68,4,
109,1,10,29,49,3,168
110,1,24,48,39,3,169
110,2,19,14,34,4,169
111,1,46,39,16,3,170
111,2,22,39,78,3,170
112,1,19,14,34,4,171
113,1,28,10,24,1,
113,2,34,23,32,1,
114,1,30,37,34,3,172
114,2,46,27,64,3,172
115,1,46,39,16,4,173
115,2,14,26,14,3,173
116,1,17,39,89,4,
117,1,9,21,16,3,174
117,2,25,9,8,2,175
118,1,14,26,14,4,176
118,2,2,29,55,3,176
118,3,22,39,78,4,176
119,1,38,22,98,2,178
119,2,2,29,55,5,178
120,1,24,48,39,4,179
120,2,25,9,8,1,179
121,1,18,24,46,4,180
121,2,14,26,14,2,180
122,1,42,10,11,5,182
122,2,29,24,71,4,182
122,3,11,30,69,5,182
123,1,19,14,34,1,184
123,2,42,10,11,5,185
123,3,39,11,2,184
124,1,2,29,55,2,186
124,2,21,38,34,5,186
125,1,22,39,78,2,187
125,2,39,11,4,187
126,1,45,31,68,3,188
127,1,27,39,91,3,189
127,2,22,39,78,3,189
128,1,38,22,98,4,190
128,2,34,23,32,2,191
129,1,6,38,28,5,193
129,2,11,30,69,4,192
130,1,16,13,09,1,194
130,2,46,39,16,3,195
130,3,11,30,69,4,194
131,1,13,12,64,1,197
131,2,11,30,69,5,197
132,1,11,30,69,4,198
132,2,31,28,59,2,199
132,3,10,29,49,4,199
133,1,10,29,49,3,200
133,2,22,39,78,1,200
133,3,42,10,11,5,201
134,1,44,39,32,3,202
134,2,11,30,69,4,202
134,3,36,49,12,2,203
135,1,35,7,18,5,204
135,2,38,22,98,3,204
136,1,24,48,39,2,205
137,1,42,10,11,3,206
137,2,36,49,12,1,206
137,3,11,30,69,2,206
138,1,12,10,48,3,209
138,2,2,29,55,1,208
138,3,27,39,91,5,209
139,1,34,23,32,4,211
139,2,12,10,48,4,210
139,3,16,13,09,3,211
140,1,41,8,66,2,212
140,2,22,39,78,1,212
141,1,34,23,32,4,214
141,2,31,28,59,5,213
141,3,18,24,46,4,214
142,1,27,39,91,3,215
142,2,35,7,18,1,216
143,1,32,5,65,4,217
143,2,38,22,98,2,218
144,1,24,48,39,1,219
144,2,18,24,46,2,220
144,3,25,9,8,4,220
145,1,39,11,1,221
145,2,27,39,91,4,221
146,1,7,19,16,3,222
146,2,23,10,33,1,223
146,3,11,30,69,3,223
147,1,20,28,21,4,224
147,2,9,21,16,2,224
148,1,22,39,78,3,225
149,1,15,13,97,3,226
149,2,35,7,18,3,226
150,1,30,37,34,3,227
150,2,3,16,67,1,228
150,3,26,48,75,3,227
151,1,41,8,66,4,229
151,2,39,11,4,230
152,1,5,43,71,3,232
152,2,19,14,34,3,231
153,1,35,7,18,4,233
153,2,43,16,64,2,234
154,1,15,13,97,1,235
154,2,19,14,34,2,235
155,1,24,48,39,4,237
155,2,39,11,5,236
156,1,26,48,75,3,
157,1,3,16,67,4,238
158,1,12,10,48,3,240
158,2,18,24,46,2,239
158,3,17,39,89,3,240
159,1,8,19,58,2,241
160,1,10,29,49,3,242
160,2,5,43,71,3,243
161,1,12,10,48,2,245
161,2,4,44,17,2,244
161,3,33,37,5,245
162,1,23,10,33,2,246
162,2,31,28,59,2,246
163,1,45,31,68,4,247
163,2,13,12,64,4,247
164,1,16,13,09,3,248
164,2,35,7,18,1,249
165,1,38,22,98,4,250
165,2,26,48,75,2,250
166,1,27,39,91,2,252
166,2,45,31,68,2,251
167,1,14,26,14,4,253
167,2,24,48,39,5,254
167,3,20,28,21,4,255
168,1,36,49,12,3,256
169,1,44,39,32,1,257
169,2,21,38,34,4,258
170,1,6,38,28,4,259
170,2,41,8,66,3,259
171,1,19,14,34,2,260
171,2,26,48,75,4,260
172,1,23,10,33,3,261
172,2,7,19,16,4,261
173,1,43,16,64,2,262
173,2,14,26,14,1,262
174,1,38,22,98,4,263
174,2,29,24,71,4,264
175,1,18,24,46,2,266
175,2,29,24,71,3,265
175,3,26,48,75,2,265
176,1,38,22,98,5,
176,2,20,28,21,5,
177,1,15,13,97,3,267
178,1,41,8,66,3,268
178,2,15,13,97,2,268
178,3,22,39,78,1,268
179,1,21,38,34,1,270
179,2,33,37,2,269
180,1,8,19,58,2,271
181,1,46,39,16,3,272
181,2,3,16,67,3,272
182,1,23,10,33,4,274
182,2,20,28,21,2,273
183,1,5,43,71,4,275
183,2,46,27,64,4,275
184,1,29,24,71,2,276
184,2,13,12,64,1,276
185,1,39,11,2,277
185,2,12,10,48,4,277
186,1,16,13,09,1,278
186,2,46,39,16,1,278
186,3,33,37,1,279
187,1,27,39,91,3,280
187,2,7,19,16,4,280
188,1,29,24,71,2,282
188,2,25,9,8,2,283
189,1,38,22,98,3,284
189,2,24,48,39,1,284
190,1,15,13,97,3,286
191,1,45,31,68,5,287
191,2,42,10,11,3,287
192,1,45,31,68,3,288
192,2,43,16,64,3,289
192,3,17,39,89,3,289
193,1,46,39,16,5,291
193,2,45,31,68,2,290
194,1,32,5,65,5,292
194,2,36,49,12,2,292
195,1,19,14,34,5,293
195,2,4,44,17,1,293
196,1,3,16,67,3,294
196,2,23,10,33,4,294
197,1,36,49,12,2,295
197,2,28,10,24,2,295
197,3,34,23,32,4,295
198,1,12,10,48,1,297
198,2,36,49,12,1,297
199,1,6,38,28,5,298
199,2,16,13,09,2,298
200,1,26,48,75,4,299
201,1,19,14,34,4,300
201,2,36,49,12,2,301
202,1,33,37,3,302
203,1,11,30,69,1,303
203,2,22,39,78,3,303
204,1,33,37,4,304
204,2,12,10,48,2,304
205,1,26,48,75,4,306
205,2,17,39,89,2,307
206,1,25,9,8,1,309
206,2,45,31,68,5,308
206,3,43,16,64,4,309
207,1,34,23,32,2,310
207,2,23,10,33,5,310
208,1,30,37,34,1,311
209,1,45,31,68,2,312
210,1,8,19,58,3,
211,1,11,30,69,5,313
212,1,25,9,8,4,314
212,2,22,39,78,4,315
212,3,39,11,3,316
213,1,17,39,89,2,317
213,2,32,5,65,3,317
214,1,36,49,12,3,318
215,1,35,7,18,5,319
215,2,33,37,1,320
215,3,3,16,67,3,320
216,1,3,16,67,1,321
216,2,31,28,59,3,323
216,3,13,12,64,1,322
217,1,43,16,64,3,325
217,2,15,13,97,1,324
217,3,19,14,34,1,325
218,1,23,10,33,4,328
218,2,45,31,68,4,327
219,1,24,48,39,4,329
219,2,33,37,1,329
220,1,15,13,97,1,330
220,2,13,12,64,2,330
221,1,21,38,34,4,331
221,2,41,8,66,4,331
222,1,22,39,78,2,332
222,2,41,8,66,4,332
223,1,37,29,51,5,335
223,2,32,5,65,2,335
223,3,25,9,8,1,334
224,1,31,28,59,3,337
224,2,37,29,51,2,336
224,3,5,43,71,2,337
225,1,17,39,89,5,338
225,2,29,24,71,4,338
225,3,4,44,17,4,339
226,1,32,5,65,3,340
226,2,19,14,34,2,341
226,3,2,29,55,5,340
227,1,32,5,65,1,342
227,2,2,29,55,5,342
228,1,37,29,51,5,343
228,2,33,37,4,344
228,3,32,5,65,3,343
229,1,14,26,14,2,345
229,2,44,39,32,3,345
230,1,14,26,14,2,347
230,2,17,39,89,4,283
231,1,30,37,34,3,348
231,2,8,19,58,2,348
232,1,40,34,06,4,349
232,2,34,23,32,4,350
232,3,29,24,71,4,349
233,1,2,29,55,1,351
233,2,20,28,21,5,352
234,1,36,49,12,5,353
234,2,3,16,67,4,353
234,3,37,29,51,4,353
235,1,46,39,16,5,354
235,2,19,14,34,4,355
236,1,38,22,98,1,356
237,1,3,16,67,4,357
238,1,15,13,97,4,359
238,2,40,34,06,3,358
239,1,29,24,71,2,360
239,2,11,30,69,3,360
240,1,12,10,48,2,361
240,2,17,39,89,4,361
241,1,29,24,71,3,362
241,2,42,10,11,4,363
242,1,18,24,46,4,364
243,1,2,29,55,4,366
243,2,20,28,21,3,365
244,1,11,30,69,1,367
244,2,16,13,09,2,367
245,1,6,38,28,4,368
245,2,44,39,32,2,369
246,1,6,38,28,4,371
246,2,16,13,09,3,370
247,1,46,39,16,2,372
247,2,24,48,39,3,372
247,3,27,39,91,1,373
248,1,40,34,06,4,375
248,2,30,37,34,2,374
249,1,5,43,71,3,376
249,2,17,39,89,5,377
250,1,21,38,34,4,378
250,2,34,23,32,3,270
251,1,14,26,14,4,379
251,2,34,23,32,2,379
252,1,2,29,55,1,381
252,2,30,37,34,4,381
253,1,18,24,46,4,382
254,1,3,16,67,2,
255,1,21,38,34,1,383
256,1,13,12,64,2,384
256,2,5,43,71,4,384
257,1,14,26,14,4,387
257,2,21,38,34,5,386
258,1,23,10,33,5,389
258,2,44,39,32,2,388
258,3,30,37,34,3,388
259,1,30,37,34,3,390
259,2,21,38,34,1,391
259,3,23,10,33,3,390
260,1,34,23,32,5,392
260,2,44,39,32,3,392
261,1,23,10,33,3,393
262,1,4,44,17,4,
263,1,16,13,09,2,395
263,2,9,21,16,2,394
263,3,2,29,55,4,394
264,1,20,28,21,1,397
264,2,9,21,16,4,396
265,1,16,13,09,2,398
265,2,26,48,75,4,398
265,3,22,39,78,2,398
266,1,17,39,89,3,
266,2,42,10,11,3,
267,1,28,10,24,4,399
268,1,32,5,65,3,400
268,2,24,48,39,3,400
269,1,43,16,64,5,
269,2,34,23,32,5,
270,1,10,29,49,5,401
270,2,15,13,97,4,402
270,3,43,16,64,3,403
271,1,14,26,14,3,405
271,2,33,37,3,404
271,3,20,28,21,2,405
272,1,33,37,2,406
272,2,5,43,71,4,406
272,3,43,16,64,4,406
273,1,31,28,59,2,
274,1,23,10,33,3,407
274,2,18,24,46,3,407
275,1,29,24,71,1,409
275,2,6,38,28,4,409
275,3,33,37,2,408
276,1,45,31,68,3,410
276,2,2,29,55,1,411
277,1,3,16,67,3,413
277,2,15,13,97,2,412
278,1,24,48,39,4,415
278,2,36,49,12,2,415
278,3,16,13,09,4,414
279,1,41,8,66,5,417
279,2,23,10,33,5,418
279,3,16,13,09,2,416
280,1,40,34,06,5,419
281,1,5,43,71,2,420
281,2,16,13,09,3,421
281,3,36,49,12,4,420
282,1,35,7,18,2,422
282,2,31,28,59,5,423
283,1,46,27,64,5,424
283,2,4,44,17,3,424
284,1,42,10,11,3,426
284,2,14,26,14,4,427
285,1,45,31,68,2,428
286,1,41,8,66,2,429
286,2,11,30,69,1,429
287,1,42,10,11,4,430
287,2,38,22,98,3,430
288,1,33,37,2,433
288,2,5,43,71,2,432
289,1,34,23,32,5,434
290,1,11,30,69,4,436
290,2,27,39,91,5,435
290,3,38,22,98,2,437
291,1,41,8,66,4,438
291,2,37,29,51,1,438
292,1,27,39,91,3,71
293,1,42,10,11,4,440
293,2,17,39,89,4,440
293,3,9,21,16,2,440
294,1,36,49,12,3,442
294,2,18,24,46,3,443
295,1,9,21,16,2,444
295,2,11,30,69,3,444
296,1,19,14,34,2,446
296,2,43,16,64,2,445
297,1,15,13,97,3,447
298,1,9,21,16,4,448
298,2,43,16,64,3,449
299,1,34,23,32,3,450
299,2,41,8,66,2,451
300,1,3,16,67,4,111
300,2,10,29,49,3,452
301,1,5,43,71,3,453
301,2,30,37,34,1,454
302,1,36,49,12,3,455
302,2,3,16,67,4,455
303,1,32,5,65,4,456
304,1,30,37,34,4,
304,2,42,10,11,2,
304,3,8,19,58,2,
305,1,9,21,16,4,457
305,2,22,39,78,2,457
306,1,28,10,24,3,
307,1,38,22,98,4,460
307,2,19,14,34,3,459
308,1,13,12,64,4,461
309,1,29,24,71,1,462
309,2,45,31,68,1,463
310,1,21,38,34,2,464
310,2,36,49,12,4,464
311,1,34,23,32,3,465
311,2,41,8,66,1,465
312,1,8,19,58,3,466
312,2,46,27,64,4,467
312,3,45,31,68,1,466
313,1,45,31,68,2,468
313,2,7,19,16,2,468
314,1,36,49,12,4,469
314,2,6,38,28,3,469
315,1,6,38,28,4,470
316,1,18,24,46,1,471
317,1,12,10,48,4,472
318,1,17,39,89,4,473
319,1,12,10,48,5,474
319,2,42,10,11,1,474
320,1,25,9,8,3,
320,2,38,22,98,2,
321,1,18,24,46,3,475
322,1,34,23,32,3,476
322,2,14,26,14,5,477
322,3,11,30,69,3,476
323,1,25,9,8,2,478
324,1,44,39,32,3,479
324,2,27,39,91,2,480
324,3,21,38,34,3,479
325,1,38,22,98,1,481
326,1,10,29,49,2,482
327,1,16,13,09,2,483
327,2,8,19,58,5,483
328,1,25,9,8,5,484
328,2,23,10,33,3,484
329,1,26,48,75,1,486
329,2,23,10,33,4,485
330,1,29,24,71,3,488
330,2,2,29,55,3,487
330,3,45,31,68,4,488
331,1,34,23,32,2,489
332,1,15,13,97,3,491
332,2,30,37,34,2,490
333,1,30,37,34,3,492
333,2,38,22,98,5,493
334,1,26,48,75,1,494
334,2,46,39,16,4,494
334,3,12,10,48,4,496
335,1,32,5,65,2,497
336,1,2,29,55,5,249
336,2,20,28,21,5,499
337,1,32,5,65,4,500
337,2,29,24,71,4,501
337,3,45,31,68,3,500
338,1,35,7,18,2,502
338,2,13,12,64,5,502
339,1,38,22,98,3,505
339,2,13,12,64,3,504
340,1,41,8,66,3,
340,2,26,48,75,5,
340,3,27,39,91,2,
341,1,12,10,48,4,507
341,2,43,16,64,1,506
342,1,30,37,34,1,508
342,2,44,39,32,4,509
343,1,3,16,67,1,510
343,2,14,26,14,3,510
343,3,2,29,55,4,510
344,1,17,39,89,3,511
344,2,23,10,33,4,512
345,1,14,26,14,1,513
346,1,2,29,55,5,514
346,2,26,48,75,3,514
347,1,35,7,18,5,515
347,2,41,8,66,1,515
348,1,2,29,55,4,516
348,2,21,38,34,5,516
349,1,11,30,69,5,517
349,2,12,10,48,4,517
350,1,33,37,2,
350,2,32,5,65,1,
351,1,23,10,33,4,518
351,2,29,24,71,4,518
352,1,46,39,16,2,519
352,2,22,39,78,5,519
352,3,35,7,18,2,519
353,1,28,10,24,4,520
354,1,44,39,32,4,521
354,2,42,10,11,3,521
355,1,34,23,32,2,522
355,2,27,39,91,4,522
356,1,8,19,58,3,525
356,2,38,22,98,5,524
357,1,42,10,11,4,526
357,2,20,28,21,4,527
358,1,12,10,48,3,528
359,1,10,29,49,5,529
359,2,9,21,16,3,530
360,1,39,11,2,531
361,1,19,14,34,3,532
362,1,5,43,71,5,533
362,2,7,19,16,3,533
363,1,21,38,34,3,
364,1,20,28,21,4,535
364,2,27,39,91,3,536
364,3,13,12,64,3,534
365,1,4,44,17,3,538
365,2,43,16,64,4,537
366,1,36,49,12,4,540
366,2,42,10,11,4,540
366,3,29,24,71,4,539
367,1,7,19,16,2,541
368,1,27,39,91,4,542
368,2,19,14,34,5,543
369,1,44,39,32,5,544
369,2,22,39,78,2,544
370,1,25,9,8,4,
370,2,21,38,34,5,
371,1,7,19,16,4,545
371,2,28,10,24,4,546
371,3,41,8,66,2,546
372,1,17,39,89,2,
373,1,23,10,33,5,547
373,2,32,5,65,2,547
373,3,19,14,34,4,547
374,1,20,28,21,1,548
374,2,29,24,71,4,549
375,1,31,28,59,4,550
375,2,22,39,78,2,550
376,1,15,13,97,1,552
376,2,43,16,64,5,552
377,1,21,38,34,4,553
377,2,11,30,69,2,553
378,1,15,13,97,4,555
378,2,27,39,91,4,555
379,1,39,11,4,556
379,2,12,10,48,5,557
380,1,7,19,16,3,558
380,2,42,10,11,3,558
381,1,10,29,49,3,559
381,2,20,28,21,4,560
382,1,5,43,71,4,561
382,2,38,22,98,3,562
383,1,26,48,75,5,563
383,2,8,19,58,4,563
384,1,26,48,75,3,565
384,2,36,49,12,1,565
385,1,21,38,34,3,567
385,2,41,8,66,4,566
386,1,14,26,14,5,569
386,2,42,10,11,2,568
387,1,37,29,51,4,570
387,2,41,8,66,1,570
387,3,36,49,12,4,571
388,1,11,30,69,3,572
388,2,9,21,16,5,572
389,1,23,10,33,2,
390,1,29,24,71,3,574
390,2,5,43,71,4,573
390,3,15,13,97,4,574
391,1,43,16,64,1,
391,2,38,22,98,5,
392,1,24,48,39,1,576
392,2,45,31,68,1,575
392,3,8,19,58,3,575
393,1,24,48,39,3,577
394,1,19,14,34,4,578
394,2,32,5,65,3,579
395,1,27,39,91,2,582
395,2,44,39,32,4,581
395,3,29,24,71,4,580
396,1,30,37,34,2,583
396,2,19,14,34,1,583
396,3,42,10,11,2,584
397,1,43,16,64,4,585
397,2,33,37,5,585
398,1,24,48,39,3,587
398,2,13,12,64,3,588
398,3,25,9,8,1,587
399,1,26,48,75,3,589
399,2,16,13,09,3,589
399,3,10,29,49,5,589
400,1,44,39,32,4,591
400,2,10,29,49,4,592
401,1,28,10,24,3,593
401,2,12,10,48,2,593
402,1,10,29,49,2,594
402,2,22,39,78,3,596
402,3,37,29,51,4,594
403,1,41,8,66,3,598
403,2,34,23,32,2,598
403,3,28,10,24,5,204
404,1,37,29,51,2,600
404,2,5,43,71,4,599
405,1,46,27,64,1,
406,1,43,16,64,3,601
407,1,27,39,91,3,602
407,2,11,30,69,4,602
408,1,42,10,11,1,603
409,1,21,38,34,4,605
409,2,19,14,34,1,604
410,1,16,13,09,5,606
410,2,23,10,33,3,606
411,1,30,37,34,4,607
411,2,18,24,46,2,607
412,1,39,11,1,608
412,2,35,7,18,4,608
412,3,10,29,49,5,609
413,1,8,19,58,3,610
413,2,24,48,39,4,610
414,1,16,13,09,2,
414,2,38,22,98,1,
415,1,29,24,71,5,611
415,2,42,10,11,4,611
416,1,8,19,58,3,612
416,2,24,48,39,1,612
417,1,13,12,64,3,613
417,2,46,27,64,2,613
417,3,43,16,64,4,613
418,1,36,49,12,4,614
418,2,43,16,64,2,291
419,1,9,21,16,3,615
419,2,16,13,09,2,615
420,1,3,16,67,4,617
420,2,33,37,5,617
420,3,13,12,64,3,47
421,1,43,16,64,1,618
422,1,46,39,16,5,619
423,1,23,10,33,5,620
423,2,6,38,28,3,621
424,1,29,24,71,4,622
424,2,32,5,65,3,622
425,1,13,12,64,4,584
425,2,35,7,18,3,624
426,1,30,37,34,5,625
426,2,38,22,98,2,625
427,1,28,10,24,5,626
427,2,18,24,46,2,626
428,1,13,12,64,4,
429,1,21,38,34,5,
429,2,46,39,16,5,
430,1,18,24,46,2,361
430,2,15,13,97,5,628
431,1,23,10,33,5,
431,2,11,30,69,5,
431,3,14,26,14,2,
432,1,42,10,11,2,629
432,2,16,13,09,3,629
433,1,19,14,34,5,630
433,2,29,24,71,2,631
434,1,28,10,24,5,633
434,2,30,37,34,5,632
434,3,2,29,55,4,632
435,1,16,13,09,1,634
435,2,43,16,64,4,634
435,3,34,23,32,3,634
436,1,14,26,14,5,636
436,2,37,29,51,4,635
437,1,37,29,51,3,638
437,2,20,28,21,5,637
438,1,33,37,3,640
438,2,32,5,65,5,639
438,3,30,37,34,2,639
439,1,32,5,65,5,
439,2,44,39,32,1,
440,1,23,10,33,3,641
440,2,15,13,97,2,641
441,1,38,22,98,2,
441,2,11,30,69,3,
442,1,46,27,64,2,642
442,2,25,9,8,4,642
443,1,46,39,16,4,643
444,1,45,31,68,2,
444,2,42,10,11,1,
445,1,34,23,32,3,
445,2,10,29,49,2,
445,3,46,39,16,4,
446,1,37,29,51,3,644
446,2,24,48,39,2,644
447,1,38,22,98,2,646
447,2,36,49,12,4,645
448,1,32,5,65,2,647
449,1,45,31,68,4,648
449,2,21,38,34,4,649
449,3,20,28,21,4,650
450,1,33,37,2,651
451,1,28,10,24,4,652
452,1,29,24,71,3,653
452,2,43,16,64,2,653
452,3,36,49,12,2,654
453,1,43,16,64,3,
453,2,2,29,55,2,
454,1,41,8,66,4,656
454,2,27,39,91,3,655
455,1,7,19,16,2,658
455,2,29,24,71,3,657
455,3,23,10,33,4,658
456,1,6,38,28,5,659
456,2,46,39,16,4,659
457,1,46,39,16,1,660
458,1,38,22,98,2,662
458,2,14,26,14,2,661
459,1,38,22,98,4,663
460,1,5,43,71,3,664
460,2,32,5,65,3,664
461,1,40,34,06,4,665
461,2,26,48,75,4,665
462,1,19,14,34,1,666
462,2,16,13,09,3,667
463,1,34,23,32,4,668
463,2,29,24,71,3,668
464,1,44,39,32,5,669
465,1,11,30,69,5,670
466,1,41,8,66,5,
466,2,46,27,64,4,
467,1,4,44,17,3,671
468,1,16,13,09,4,
468,2,6,38,28,2,
469,1,45,31,68,4,672
469,2,22,39,78,1,673
470,1,3,16,67,5,674
470,2,43,16,64,5,675
471,1,22,39,78,2,
472,1,33,37,1,676
473,1,41,8,66,4,677
473,2,46,27,64,3,677
474,1,11,30,69,2,678
474,2,35,7,18,4,678
475,1,2,29,55,5,680
475,2,34,23,32,3,680
475,3,18,24,46,3,679
476,1,16,13,09,5,681
476,2,46,39,16,5,681
477,1,37,29,51,3,682
477,2,10,29,49,1,682
478,1,23,10,33,3,683
478,2,11,30,69,4,684
478,3,44,39,32,3,684
479,1,45,31,68,1,685
479,2,7,19,16,3,686
480,1,7,19,16,4,687
481,1,12,10,48,5,688
481,2,9,21,16,1,688
481,3,36,49,12,4,688
482,1,35,7,18,4,689
482,2,22,39,78,2,689
482,3,45,31,68,2,690
483,1,19,14,34,4,691
484,1,41,8,66,3,693
484,2,28,10,24,4,692
485,1,13,12,64,3,695
485,2,10,29,49,4,694
486,1,41,8,66,3,696
486,2,4,44,17,1,696
487,1,17,39,89,2,698
488,1,16,13,09,4,699
488,2,30,37,34,3,699
489,1,33,37,1,700
489,2,8,19,58,2,700
490,1,10,29,49,1,702
491,1,15,13,97,3,
491,2,42,10,11,4,
492,1,37,29,51,3,703
492,2,26,48,75,4,704
492,3,10,29,49,4,705
493,1,6,38,28,3,706
493,2,15,13,97,3,707
494,1,43,16,64,2,709
494,2,2,29,55,3,708
495,1,33,37,4,
495,2,7,19,16,2,
495,3,42,10,11,2,
496,1,6,38,28,3,
496,2,11,30,69,5,
497,1,37,29,51,2,710
497,2,26,48,75,4,711
498,1,18,24,46,4,712
498,2,12,10,48,3,712
499,1,3,16,67,5,713
499,2,39,11,2,713
500,1,21,38,34,4,714
501,1,18,24,46,3,716
501,2,4,44,17,3,531
502,1,46,27,64,5,717
502,2,3,16,67,3,717
503,1,7,19,16,1,718
504,1,38,22,98,4,719
504,2,32,5,65,3,720
504,3,26,48,75,4,721
505,1,28,10,24,4,722
505,2,34,23,32,2,722
505,3,2,29,55,4,722
506,1,18,24,46,4,723
506,2,21,38,34,3,724
507,1,21,38,34,4,725
507,2,34,23,32,5,726
508,1,13,12,64,3,727
508,2,24,48,39,4,727
509,1,46,27,64,4,728
509,2,22,39,78,2,728
509,3,15,13,97,3,729
510,1,17,39,89,2,730
511,1,6,38,28,4,731
511,2,31,28,59,2,731
512,1,11,30,69,4,
512,2,14,26,14,1,
513,1,11,30,69,3,733
513,2,4,44,17,2,732
513,3,19,14,34,2,734
514,1,10,29,49,2,609
514,2,2,29,55,3,735
515,1,17,39,89,2,736
515,2,9,21,16,2,736
515,3,2,29,55,2,736
516,1,16,13,09,1,739
516,2,35,7,18,2,739
516,3,6,38,28,3,738
517,1,20,28,21,3,740
517,2,29,24,71,5,740
518,1,43,16,64,1,577
518,2,39,11,1,741
519,1,42,10,11,2,742
519,2,19,14,34,5,743
520,1,20,28,21,4,
520,2,18,24,46,1,
521,1,6,38,28,5,727
522,1,31,28,59,5,745
523,1,2,29,55,1,747
523,2,44,39,32,5,746
524,1,19,14,34,2,748
525,1,3,16,67,3,749
525,2,29,24,71,3,749
526,1,21,38,34,4,750
527,1,18,24,46,3,751
527,2,41,8,66,1,752
528,1,46,27,64,2,753
528,2,12,10,48,2,754
529,1,43,16,64,2,755
529,2,25,9,8,3,756
529,3,21,38,34,5,756
530,1,22,39,78,4,757
530,2,23,10,33,1,758
531,1,18,24,46,2,759
531,2,19,14,34,5,760
532,1,23,10,33,2,761
532,2,43,16,64,2,761
532,3,25,9,8,2,761
533,1,4,44,17,1,763
533,2,9,21,16,4,762
534,1,15,13,97,4,764
534,2,46,39,16,2,765
535,1,34,23,32,3,766
535,2,46,27,64,2,767
535,3,38,22,98,1,767
536,1,45,31,68,5,768
537,1,17,39,89,1,769
538,1,7,19,16,3,770
538,2,26,48,75,3,770
539,1,11,30,69,5,
540,1,42,10,11,3,515
540,2,26,48,75,1,771
541,1,38,22,98,3,772
541,2,27,39,91,1,772
542,1,12,10,48,4,774
542,2,21,38,34,2,774
543,1,32,5,65,3,
544,1,37,29,51,5,777
544,2,6,38,28,2,776
544,3,27,39,91,3,460
545,1,40,34,06,4,779
545,2,10,29,49,4,778
545,3,26,48,75,2,779
546,1,37,29,51,5,
546,2,42,10,11,5,
547,1,12,10,48,5,780
547,2,21,38,34,4,781
547,3,31,28,59,4,780
548,1,34,23,32,4,783
548,2,6,38,28,2,782
549,1,42,10,11,5,
549,2,19,14,34,4,
549,3,3,16,67,1,
550,1,6,38,28,4,784
550,2,5,43,71,2,784
551,1,6,38,28,3,785
551,2,14,26,14,2,785
552,1,43,16,64,1,
552,2,13,12,64,2,
553,1,9,21,16,3,786
553,2,30,37,34,5,786
554,1,46,27,64,4,788
554,2,23,10,33,1,787
555,1,31,28,59,2,789
555,2,45,31,68,5,790
556,1,18,24,46,3,792
556,2,28,10,24,1,792
556,3,30,37,34,4,791
557,1,21,38,34,3,794
557,2,37,29,51,4,794
557,3,4,44,17,3,794
558,1,3,16,67,3,
558,2,31,28,59,3,
558,3,34,23,32,3,
559,1,20,28,21,2,795
560,1,2,29,55,1,796
561,1,40,34,06,4,797
561,2,5,43,71,3,795
562,1,14,26,14,1,798
562,2,8,19,58,5,799
563,1,42,10,11,2,800
563,2,21,38,34,4,801
564,1,46,27,64,5,802
564,2,24,48,39,2,739
565,1,43,16,64,4,803
565,2,6,38,28,4,804
566,1,39,11,5,805
566,2,31,28,59,5,805
566,3,5,43,71,2,805
567,1,24,48,39,2,806
567,2,44,39,32,4,806
1596,1,14,26,14,1,1841
1596,2,5,43,71,4,1840
1596,3,27,39,91,2,1839
1597,1,28,10,24,5,1843
1597,2,46,27,64,4,1842
1598,1,20,28,21,2,
1598,2,38,22,98,5,
1599,1,21,38,34,2,1845
1599,2,42,10,11,1,1844
1599,3,17,39,89,2,1845
1600,1,32,5,65,2,
1601,1,44,39,32,3,1846
1602,1,3,16,67,1,
1602,2,36,49,12,4,
1603,1,29,24,71,2,1847
1603,2,44,39,32,2,1847
1604,1,5,43,71,5,1691
1605,1,32,5,65,4,
1606,1,6,38,28,4,1849
1607,1,40,34,06,2,1637
1607,2,12,10,48,2,1850
1608,1,35,7,18,3,
1609,1,11,30,69,3,
1609,2,12,10,48,4,
1610,1,28,10,24,4,262
1610,2,4,44,17,5,1852
1611,1,13,12,64,4,1853
1611,2,26,48,75,3,1853
1612,1,36,49,12,3,1854
1612,2,44,39,32,4,1855
1613,1,11,30,69,5,1856
1613,2,12,10,48,3,1856
1613,3,37,29,51,3,1856
1614,1,20,28,21,3,1857
1614,2,17,39,89,1,1857
1615,1,26,48,75,4,1858
1615,2,46,39,16,4,1858
1616,1,25,9,8,4,1859
1616,2,23,10,33,1,1859
1617,1,10,29,49,4,
1618,1,27,39,91,3,1860
1618,2,6,38,28,3,1861
1618,3,15,13,97,3,1860
1619,1,11,30,69,2,1863
1619,2,22,39,78,4,1862
1620,1,24,48,39,4,1864
1620,2,18,24,46,2,1864
1621,1,12,10,48,2,1865
1621,2,10,29,49,3,1865
1622,1,7,19,16,2,1866
1622,2,23,10,33,3,1866
1623,1,3,16,67,2,
1623,2,45,31,68,1,
1624,1,10,29,49,5,1867
1624,2,28,10,24,4,1561
1625,1,12,10,48,4,1868
1625,2,25,9,8,4,1868
1626,1,14,26,14,2,1869
1626,2,21,38,34,4,1869
1627,1,33,37,5,1870
1628,1,8,19,58,1,1446
1629,1,37,29,51,3,
1629,2,14,26,14,2,
1630,1,28,10,24,4,
1631,1,17,39,89,1,1799
1632,1,18,24,46,2,1873
1632,2,25,9,8,3,1873
1633,1,15,13,97,2,
1633,2,39,11,4,
1634,1,4,44,17,2,1874
1634,2,22,39,78,4,1875
1634,3,18,24,46,4,1874
1635,1,15,13,97,1,
1635,2,4,44,17,4,
1635,3,36,49,12,2,
1636,1,9,21,16,2,1877
1636,2,19,14,34,3,1876
1637,1,25,9,8,2,1878
1638,1,25,9,8,1,
1638,2,13,12,64,4,
1639,1,37,29,51,3,1879
1640,1,45,31,68,2,
1640,2,44,39,32,4,
1641,1,34,23,32,4,
1641,2,20,28,21,3,
1641,3,25,9,8,3,
1642,1,22,39,78,5,1880
1642,2,31,28,59,5,1880
1643,1,6,38,28,2,
1643,2,37,29,51,2,
1644,1,43,16,64,4,
1644,2,21,38,34,4,
1645,1,2,29,55,1,1881
1645,2,35,7,18,2,1881
1645,3,11,30,69,5,1881
1646,1,27,39,91,2,
1647,1,45,31,68,2,1883
1647,2,10,29,49,4,1882
1648,1,31,28,59,3,1884
1648,2,23,10,33,1,1885
1649,1,30,37,34,1,1887
1649,2,31,28,59,1,1886
1650,1,28,10,24,3,
1650,2,35,7,18,3,
1651,1,35,7,18,5,1888
1652,1,16,13,09,3,1889
1653,1,46,27,64,2,1890
1653,2,42,10,11,1,1890
1653,3,21,38,34,2,1891
1654,1,14,26,14,1,1892
1654,2,24,48,39,5,1893
1655,1,2,29,55,3,
1655,2,19,14,34,2,
1656,1,5,43,71,3,1894
1656,2,46,39,16,5,1894
1657,1,23,10,33,3,1895
1658,1,46,39,16,3,1896
1659,1,14,26,14,3,
1660,1,4,44,17,2,1897
1660,2,13,12,64,4,1897
1661,1,36,49,12,4,
1661,2,13,12,64,3,
1662,1,44,39,32,2,1899
1662,2,26,48,75,3,1898
1663,1,31,28,59,2,
1663,2,23,10,33,2,
1664,1,32,5,65,2,
1664,2,4,44,17,1,
1665,1,37,29,51,2,
1665,2,4,44,17,3,
1666,1,31,28,59,1,1308
1667,1,32,5,65,3,
1667,2,22,39,78,2,
1668,1,38,22,98,4,1381
1668,2,32,5,65,2,1901
1669,1,15,13,97,3,1902
1669,2,3,16,67,2,1903
1670,1,30,37,34,3,
1670,2,34,23,32,4,
1671,1,40,34,06,4,1904
1671,2,17,39,89,2,1904
1671,3,25,9,8,1,1905
1672,1,5,43,71,3,
1672,2,26,48,75,2,
1673,1,26,48,75,5,1906
1673,2,9,21,16,4,1906
1674,1,24,48,39,2,1907
1674,2,18,24,46,3,1907
1675,1,17,39,89,3,1909
1675,2,13,12,64,4,1556
1676,1,22,39,78,2,1910
1676,2,39,11,1,1910
1677,1,4,44,17,2,1912
1677,2,10,29,49,4,1913
1678,1,46,27,64,3,
1678,2,6,38,28,4,
1679,1,6,38,28,3,
1679,2,37,29,51,4,
1679,3,4,44,17,3,
1680,1,28,10,24,4,
1680,2,13,12,64,4,
1681,1,15,13,97,2,
1681,2,23,10,33,2,
1682,1,27,39,91,3,
1683,1,19,14,34,5,1914
1683,2,24,48,39,5,1915
1684,1,29,24,71,4,1916
1684,2,7,19,16,2,1916
1685,1,46,39,16,4,1918
1685,2,20,28,21,2,1917
1686,1,19,14,34,2,
1686,2,31,28,59,3,
1686,3,5,43,71,2,
1687,1,45,31,68,2,
1687,2,3,16,67,5,
1687,3,43,16,64,5,
1688,1,45,31,68,5,1919
1689,1,6,38,28,3,1920
1689,2,34,23,32,3,610
1690,1,22,39,78,1,
1690,2,25,9,8,4,
1690,3,15,13,97,2,
1691,1,24,48,39,2,
1691,2,37,29,51,3,
1691,3,4,44,17,3,
1692,1,6,38,28,5,1921
1692,2,43,16,64,3,1921
1692,3,44,39,32,4,1921
1693,1,34,23,32,3,1923
1693,2,22,39,78,1,1924
1694,1,43,16,64,5,
1694,2,12,10,48,3,
1695,1,29,24,71,3,
1695,2,25,9,8,3,
1695,3,18,24,46,5,
1696,1,35,7,18,5,1925
1696,2,19,14,34,3,1925
1697,1,12,10,48,2,
1697,2,31,28,59,2,
1698,1,42,10,11,2,1926
1698,2,8,19,58,2,1926
1699,1,35,7,18,2,
1699,2,37,29,51,2,
1699,3,39,11,3,
1700,1,39,11,5,
1700,2,28,10,24,4,
1701,1,17,39,89,4,
1701,2,46,39,16,2,
1701,3,34,23,32,1,
1702,1,2,29,55,2,1927
1703,1,10,29,49,3,
1703,2,18,24,46,5,
1704,1,27,39,91,5,1928
1705,1,39,11,4,1929
1705,2,18,24,46,4,1930
1706,1,23,10,33,3,
1706,2,45,31,68,2,
1707,1,19,14,34,5,
1707,2,40,34,06,4,
1708,1,43,16,64,3,1932
1708,2,28,10,24,3,1931
1709,1,27,39,91,4,
1709,2,18,24,46,3,
1710,1,25,9,8,4,1934
1710,2,7,19,16,4,1934
1710,3,14,26,14,2,1933
1711,1,15,13,97,5,1935
1711,2,16,13,09,3,1936
1712,1,23,10,33,4,
1713,1,42,10,11,5,
1713,2,8,19,58,3,
1714,1,9,21,16,4,
1715,1,26,48,75,3,1938
1715,2,22,39,78,4,1937
1715,3,23,10,33,3,1938
1716,1,8,19,58,4,
1716,2,46,39,16,4,
1717,1,35,7,18,2,1941
1717,2,18,24,46,3,1940
1718,1,3,16,67,3,
1718,2,7,19,16,1,
1719,1,14,26,14,2,1942
1719,2,23,10,33,3,1943
1720,1,42,10,11,3,
1720,2,16,13,09,3,
1721,1,21,38,34,3,
1721,2,39,11,5,
1721,3,34,23,32,1,
1722,1,21,38,34,4,
1722,2,7,19,16,4,
1723,1,26,48,75,2,
1723,2,24,48,39,1,
1724,1,16,13,09,4,1944
1725,1,37,29,51,4,
1725,2,19,14,34,2,
1726,1,9,21,16,2,1947
1726,2,6,38,28,4,1946
1726,3,11,30,69,3,1945
1727,1,40,34,06,4,
1727,2,43,16,64,4,
1728,1,16,13,09,2,1948
1728,2,17,39,89,5,1949
1728,3,9,21,16,3,1948
1729,1,15,13,97,4,1950
1730,1,20,28,21,3,
1730,2,11,30,69,3,
1731,1,39,11,2,
1731,2,21,38,34,3,
1732,1,44,39,32,2,
1732,2,39,11,2,
1733,1,45,31,68,4,
1734,1,31,28,59,3,
1734,2,14,26,14,1,
1735,1,42,10,11,5,1951
1735,2,39,11,4,1952
1735,3,22,39,78,1,1953
1736,1,46,39,16,4,
1737,1,37,29,51,3,1954
1738,1,17,39,89,4,1956
1738,2,19,14,34,2,1955
1739,1,41,8,66,5,1957
1740,1,9,21,16,2,
1740,2,30,37,34,5,
1740,3,45,31,68,2,
1741,1,35,7,18,4,
1741,2,11,30,69,3,
1741,3,42,10,11,2,
1742,1,36,49,12,5,1958
1743,1,15,13,97,4,1961
1743,2,39,11,3,1959
1743,3,9,21,16,2,1960
1744,1,37,29,51,3,
1744,2,18,24,46,2,
1745,1,34,23,32,1,1962
1745,2,27,39,91,2,1962
1746,1,25,9,8,4,
1746,2,31,28,59,2,
1747,1,45,31,68,4,
1747,2,21,38,34,4,
1748,1,10,29,49,2,1964
1748,2,14,26,14,4,1310
1749,1,5,43,71,3,
1749,2,4,44,17,2,
1749,3,32,5,65,2,
1750,1,24,48,39,3,
1750,2,26,48,75,1,
1751,1,9,21,16,4,
1751,2,35,7,18,4,
1752,1,3,16,67,4,
1752,2,29,24,71,4,
1752,3,25,9,8,2,
1753,1,46,39,16,2,1965
1753,2,43,16,64,1,1965
1754,1,29,24,71,3,
1755,1,9,21,16,3,1966
1755,2,46,27,64,5,1967
1756,1,46,39,16,1,
1756,2,3,16,67,2,
1757,1,36,49,12,5,
1757,2,31,28,59,4,
1758,1,9,21,16,3,
1758,2,26,48,75,3,
1759,1,4,44,17,3,
1760,1,14,26,14,2,
1760,2,13,12,64,1,
1760,3,3,16,67,2,
1761,1,7,19,16,3,
1761,2,34,23,32,3,
1762,1,14,26,14,1,1969
1762,2,11,30,69,5,1968
1762,3,4,44,17,4,1968
1763,1,44,39,32,3,1970
1764,1,25,9,8,2,1971
1764,2,38,22,98,5,1972
1765,1,45,31,68,2,
1765,2,18,24,46,2,
1765,3,14,26,14,2,
1766,1,11,30,69,2,
1766,2,19,14,34,2,
1767,1,16,13,09,3,
1767,2,32,5,65,4,
1768,1,12,10,48,2,
1768,2,21,38,34,4,
1769,1,35,7,18,4,1973
1769,2,13,12,64,4,1974
1769,3,12,10,48,4,1974
1770,1,26,48,75,2,1976
1770,2,6,38,28,5,1976
1771,1,44,39,32,4,1978
1771,2,42,10,11,1,1961
1772,1,43,16,64,2,1979
1772,2,33,37,3,1979
1773,1,35,7,18,4,
1774,1,22,39,78,3,
1774,2,39,11,4,
1774,3,2,29,55,3,
1775,1,37,29,51,2,
1775,2,4,44,17,4,
1776,1,34,23,32,1,
1776,2,25,9,8,2,
1776,3,20,28,21,2,
1777,1,30,37,34,2,1980
1777,2,44,39,32,2,1981
1777,3,26,48,75,3,1981
1778,1,21,38,34,5,1983
1778,2,12,10,48,1,1982
1778,3,10,29,49,3,1983
1779,1,8,19,58,2,1984
1779,2,46,39,16,4,1984
1780,1,25,9,8,1,
1781,1,46,27,64,4,
1781,2,35,7,18,1,
1781,3,9,21,16,5,
1782,1,41,8,66,2,1985
1782,2,38,22,98,4,1985
1783,1,17,39,89,2,1986
1784,1,36,49,12,2,
1784,2,32,5,65,5,
1784,3,16,13,09,2,
1785,1,41,8,66,4,1987
1785,2,11,30,69,3,1987
1786,1,13,12,64,1,
1786,2,23,10,33,4,
1787,1,21,38,34,1,
1787,2,45,31,68,3,
1788,1,46,27,64,3,
1789,1,25,9,8,1,1989
1789,2,26,48,75,1,1989
1790,1,35,7,18,2,
1790,2,25,9,8,2,
1790,3,29,24,71,5,
1791,1,37,29,51,3,
1791,2,39,11,2,
1791,3,16,13,09,5,
1792,1,31,28,59,4,
1792,2,46,27,64,1,
1793,1,12,10,48,2,
1793,2,30,37,34,3,
1794,1,2,29,55,2,
1794,2,13,12,64,3,
1795,1,30,37,34,4,
1795,2,34,23,32,1,
1795,3,22,39,78,4,
1796,1,2,29,55,5,1990
1796,2,24,48,39,3,1991
1797,1,34,23,32,2,
1797,2,6,38,28,4,
1797,3,37,29,51,2,
1798,1,43,16,64,3,
1798,2,37,29,51,3,
1799,1,46,27,64,5,
1799,2,41,8,66,4,
1800,1,36,49,12,5,1992
1801,1,9,21,16,3,
1802,1,13,12,64,4,1993
1802,2,32,5,65,4,1994
1802,3,11,30,69,2,1994
1803,1,11,30,69,2,
1803,2,10,29,49,3,
1804,1,24,48,39,4,1996
1804,2,5,43,71,3,1996
1804,3,12,10,48,4,1995
1805,1,20,28,21,4,
1805,2,32,5,65,2,
1806,1,39,11,3,1997
1806,2,36,49,12,3,1998
1807,1,24,48,39,3,
1807,2,6,38,28,2,
1808,1,14,26,14,2,
1809,1,40,34,06,2,
1809,2,44,39,32,2,
1810,1,45,31,68,2,
1810,2,26,48,75,5,
1810,3,42,10,11,2,
1811,1,28,10,24,5,
1811,2,41,8,66,4,
1812,1,41,8,66,3,
1812,2,12,10,48,2,
1813,1,33,37,2,
1814,1,34,23,32,2,1999
1815,1,19,14,34,5,
1815,2,39,11,3,
1815,3,41,8,66,2,
1816,1,2,29,55,3,
1816,2,16,13,09,1,
1817,1,34,23,32,3,
1817,2,42,10,11,4,
1817,3,22,39,78,1,
1818,1,38,22,98,4,
1818,2,34,23,32,5,
1818,3,3,16,67,2,
1819,1,41,8,66,3,
1819,2,40,34,06,3,
1819,3,42,10,11,2,
1820,1,16,13,09,5,
1820,2,3,16,67,1,
1821,1,30,37,34,4,
1821,2,6,38,28,3,
1822,1,33,37,2,
1822,2,8,19,58,2,
1823,1,13,12,64,5,2000
1823,2,4,44,17,3,2000
1823,3,46,39,16,2,2000
1824,1,39,11,2,
1824,2,12,10,48,3,
1824,3,5,43,71,3,
1825,1,27,39,91,4,
1826,1,38,22,98,5,
1826,2,26,48,75,1,
1827,1,7,19,16,5,
1827,2,19,14,34,3,
1828,1,44,39,32,2,
1828,2,15,13,97,4,
1829,1,19,14,34,3,
1829,2,29,24,71,2,
1830,1,28,10,24,3,
1830,2,36,49,12,2,
1831,1,36,49,12,3,
1832,1,4,44,17,4,
1832,2,25,9,8,3,
1833,1,26,48,75,4,
1833,2,21,38,34,1,
1834,1,32,5,65,4,
1834,2,3,16,67,4,
1834,3,41,8,66,2,
1835,1,33,37,2,
1835,2,22,39,78,3,
1836,1,15,13,97,2,2002
1836,2,14,26,14,4,2002
1837,1,42,10,11,3,
1838,1,27,39,91,5,
1838,2,12,10,48,4,
1839,1,30,37,34,3,
1839,2,35,7,18,3,
1840,1,41,8,66,5,
1840,2,18,24,46,2,
1841,1,26,48,75,2,
1842,1,2,29,55,2,
1843,1,10,29,49,2,
1843,2,40,34,06,4,
1844,1,39,11,4,
1844,2,19,14,34,1,
1844,3,24,48,39,2,
1845,1,23,10,33,2,
1845,2,19,14,34,2,
1845,3,26,48,75,3,
1846,1,15,13,97,2,2004
1846,2,16,13,09,4,2003
1847,1,44,39,32,3,2005
1848,1,46,27,64,4,
1848,2,7,19,16,4,
1849,1,44,39,32,4,
1850,1,8,19,58,2,
1850,2,44,39,32,4,
1851,1,28,10,24,4,
1851,2,25,9,8,3,
1852,1,36,49,12,3,2006
1852,2,29,24,71,1,2006
1853,1,28,10,24,2,
1853,2,23,10,33,3,
1854,1,34,23,32,2,2007
1854,2,41,8,66,4,2007
1855,1,3,16,67,4,
1855,2,22,39,78,2,
1855,3,41,8,66,4,
1856,1,5,43,71,3,2008
1857,1,6,38,28,2,
1857,2,23,10,33,4,
1858,1,22,39,78,4,
1858,2,25,9,8,4,
1859,1,35,7,18,4,
1859,2,44,39,32,2,
1860,1,8,19,58,3,
1861,1,36,49,12,5,2009
1861,2,8,19,58,2,2009
1861,3,14,26,14,3,2009
1862,1,3,16,67,3,2010
1863,1,36,49,12,3,
1863,2,39,11,5,
1864,1,22,39,78,1,2011
1864,2,20,28,21,1,2011
1865,1,26,48,75,3,
1866,1,20,28,21,2,
1866,2,6,38,28,3,
1866,3,28,10,24,1,
1867,1,30,37,34,4,2013
1867,2,7,19,16,3,2013
1868,1,29,24,71,4,
1868,2,41,8,66,5,
1869,1,12,10,48,2,
1870,1,26,48,75,4,2015
1870,2,9,21,16,3,2014
1871,1,46,27,64,2,
1871,2,19,14,34,1,
1871,3,15,13,97,3,
1872,1,27,39,91,2,
1872,2,24,48,39,1,
1873,1,17,39,89,2,
1873,2,11,30,69,1,
1873,3,26,48,75,4,
1874,1,38,22,98,4,
1874,2,27,39,91,5,
1875,1,10,29,49,2,
1876,1,37,29,51,1,
1877,1,11,30,69,4,2016
1877,2,29,24,71,2,1624
1878,1,12,10,48,2,
1878,2,39,11,5,
1879,1,10,29,49,3,
1880,1,46,27,64,5,
1880,2,3,16,67,4,
1881,1,30,37,34,3,
1881,2,40,34,06,1,
1882,1,43,16,64,4,
1882,2,18,24,46,2,
1882,3,24,48,39,1,
1883,1,34,23,32,4,2018
1883,2,21,38,34,4,586
1883,3,40,34,06,2,2018
1884,1,27,39,91,2,
1884,2,45,31,68,4,
1885,1,13,12,64,3,
1886,1,13,12,64,3,
1887,1,6,38,28,3,
1887,2,4,44,17,5,
1888,1,23,10,33,4,
1888,2,33,37,3,
1889,1,33,37,4,
1890,1,2,29,55,3,
1890,2,46,39,16,3,
1891,1,27,39,91,1,
1891,2,25,9,8,4,
1891,3,43,16,64,2,
1892,1,17,39,89,5,
1893,1,27,39,91,3,
1893,2,7,19,16,1,
1894,1,28,10,24,2,2019
1895,1,20,28,21,2,
1895,2,17,39,89,2,
1895,3,32,5,65,5,
1896,1,43,16,64,1,
1896,2,22,39,78,2,
1897,1,14,26,14,3,
1897,2,39,11,3,
1898,1,8,19,58,3,
1898,2,19,14,34,2,
1899,1,43,16,64,5,
1900,1,20,28,21,2,2020
1900,2,46,39,16,4,2020
1901,1,12,10,48,3,
1902,1,25,9,8,4,
1902,2,9,21,16,1,
1902,3,17,39,89,2,
1903,1,39,11,3,
1903,2,19,14,34,2,
1904,1,15,13,97,1,
1904,2,45,31,68,4,
1905,1,6,38,28,4,
714,1,23,10,33,4,983
714,2,9,21,16,1,983
715,1,13,12,64,2,984
715,2,45,31,68,4,984
716,1,13,12,64,3,986
716,2,34,23,32,1,986
717,1,9,21,16,4,987
717,2,21,38,34,3,987
718,1,25,9,8,4,989
718,2,9,21,16,1,988
719,1,16,13,09,2,
719,2,46,39,16,5,
719,3,2,29,55,4,
720,1,15,13,97,4,990
720,2,27,39,91,2,990
720,3,20,28,21,4,836
721,1,37,29,51,5,
721,2,7,19,16,2,
721,3,2,29,55,3,
722,1,20,28,21,4,991
723,1,46,39,16,5,
724,1,28,10,24,3,
724,2,25,9,8,2,
724,3,35,7,18,3,
725,1,13,12,64,3,992
725,2,11,30,69,2,992
725,3,14,26,14,2,992
726,1,19,14,34,4,994
726,2,28,10,24,1,994
727,1,8,19,58,3,996
727,2,2,29,55,1,995
727,3,40,34,06,2,995
728,1,19,14,34,4,997
729,1,29,24,71,5,272
729,2,8,19,58,4,999
729,3,12,10,48,1,998
730,1,32,5,65,4,1000
730,2,23,10,33,2,1000
731,1,33,37,3,1001
732,1,36,49,12,4,1002
733,1,7,19,16,4,
734,1,38,22,98,2,
734,2,15,13,97,2,
735,1,29,24,71,3,1003
735,2,27,39,91,3,1003
736,1,18,24,46,3,1006
736,2,15,13,97,2,1004
736,3,19,14,34,2,1004
737,1,24,48,39,4,1007
737,2,5,43,71,2,1008
738,1,26,48,75,1,1009
738,2,45,31,68,3,1009
739,1,11,30,69,3,1011
739,2,22,39,78,4,1011
739,3,10,29,49,4,1010
740,1,30,37,34,2,1012
740,2,44,39,32,1,1012
740,3,40,34,06,2,1013
741,1,27,39,91,3,1014
741,2,37,29,51,3,1014
742,1,46,27,64,4,1015
742,2,35,7,18,2,1015
742,3,12,10,48,2,1015
743,1,7,19,16,3,1016
743,2,38,22,98,3,1016
744,1,41,8,66,1,1017
744,2,34,23,32,3,1017
745,1,29,24,71,4,1019
745,2,46,27,64,4,1018
746,1,41,8,66,1,1020
746,2,33,37,1,1021
747,1,9,21,16,4,1022
747,2,13,12,64,1,1022
748,1,43,16,64,2,
748,2,31,28,59,4,
748,3,14,26,14,2,
749,1,35,7,18,2,
749,2,22,39,78,2,
750,1,19,14,34,3,1024
750,2,6,38,28,1,1025
750,3,4,44,17,5,1023
751,1,30,37,34,1,1026
751,2,6,38,28,4,1026
752,1,20,28,21,3,1027
752,2,7,19,16,1,1027
752,3,15,13,97,2,1027
753,1,16,13,09,3,1028
753,2,11,30,69,5,1029
753,3,30,37,34,2,1029
754,1,40,34,06,3,1031
754,2,38,22,98,3,1031
754,3,3,16,67,2,1030
755,1,15,13,97,4,1032
755,2,20,28,21,4,1032
756,1,38,22,98,4,1033
756,2,27,39,91,2,1034
757,1,9,21,16,1,1035
757,2,38,22,98,1,1035
758,1,16,13,09,3,1037
758,2,44,39,32,1,1036
758,3,25,9,8,4,1036
759,1,13,12,64,4,1038
759,2,45,31,68,5,1038
760,1,46,39,16,5,1039
760,2,20,28,21,1,1040
761,1,33,37,3,1041
761,2,2,29,55,2,1041
762,1,7,19,16,3,1042
763,1,35,7,18,4,1044
763,2,39,11,4,1043
764,1,33,37,2,1045
764,2,27,39,91,1,1045
765,1,34,23,32,5,
765,2,13,12,64,5,
766,1,12,10,48,3,1046
767,1,28,10,24,4,1047
767,2,3,16,67,3,1047
767,3,14,26,14,2,1047
768,1,30,37,34,3,1048
768,2,27,39,91,3,1048
769,1,42,10,11,2,1049
770,1,28,10,24,4,
770,2,24,48,39,4,
771,1,46,27,64,2,1050
771,2,44,39,32,3,1051
772,1,29,24,71,4,317
773,1,40,34,06,1,1053
773,2,5,43,71,5,1053
774,1,9,21,16,3,1054
774,2,37,29,51,2,1055
775,1,23,10,33,4,
776,1,46,39,16,5,
776,2,6,38,28,2,
777,1,22,39,78,5,1057
777,2,11,30,69,4,1056
778,1,13,12,64,4,1058
778,2,6,38,28,1,1058
779,1,26,48,75,2,1059
779,2,33,37,3,1059
779,3,44,39,32,1,1059
780,1,40,34,06,4,979
780,2,6,38,28,5,1060
781,1,19,14,34,2,1061
781,2,3,16,67,2,1061
782,1,27,39,91,4,
782,2,18,24,46,3,
783,1,3,16,67,2,1062
783,2,38,22,98,3,1062
783,3,2,29,55,4,1063
784,1,46,27,64,5,1064
785,1,12,10,48,4,
785,2,46,39,16,3,
786,1,32,5,65,2,1066
786,2,25,9,8,2,1065
787,1,16,13,09,5,1068
787,2,19,14,34,3,1067
787,3,26,48,75,4,1067
788,1,28,10,24,4,1070
788,2,11,30,69,2,1069
789,1,23,10,33,3,1071
789,2,46,39,16,3,1071
789,3,18,24,46,3,1072
790,1,44,39,32,2,
790,2,7,19,16,3,
791,1,45,31,68,5,
791,2,8,19,58,2,
792,1,14,26,14,5,1073
792,2,30,37,34,2,1073
793,1,4,44,17,5,1074
793,2,24,48,39,3,1074
793,3,41,8,66,3,1074
794,1,18,24,46,4,
795,1,17,39,89,1,1077
795,2,25,9,8,2,1076
795,3,4,44,17,4,1075
796,1,9,21,16,2,1078
796,2,25,9,8,2,1078
796,3,6,38,28,3,1078
797,1,24,48,39,1,1080
797,2,45,31,68,5,1079
798,1,24,48,39,5,1082
798,2,29,24,71,5,1081
799,1,31,28,59,5,1083
799,2,34,23,32,2,1083
800,1,12,10,48,2,1085
800,2,23,10,33,3,1084
800,3,7,19,16,2,1084
801,1,32,5,65,3,1086
801,2,18,24,46,3,687
802,1,11,30,69,2,1088
802,2,22,39,78,1,1087
803,1,17,39,89,3,
803,2,30,37,34,2,
804,1,42,10,11,4,1090
804,2,40,34,06,2,1089
805,1,44,39,32,2,1091
805,2,18,24,46,1,1091
806,1,46,27,64,3,
806,2,26,48,75,4,
806,3,4,44,17,4,
807,1,17,39,89,3,1092
807,2,15,13,97,5,1092
807,3,45,31,68,3,1092
808,1,39,11,3,1094
808,2,13,12,64,3,517
809,1,37,29,51,4,1095
809,2,36,49,12,2,1095
809,3,18,24,46,5,1095
810,1,29,24,71,4,
810,2,12,10,48,2,
811,1,3,16,67,1,
811,2,44,39,32,3,
811,3,17,39,89,4,
812,1,7,19,16,3,1096
812,2,45,31,68,5,1097
812,3,43,16,64,4,1096
813,1,36,49,12,2,
814,1,34,23,32,2,1098
814,2,39,11,1,1044
815,1,43,16,64,3,
815,2,15,13,97,4,
815,3,25,9,8,2,
816,1,8,19,58,1,1099
816,2,10,29,49,4,1099
817,1,33,37,2,1101
817,2,11,30,69,2,1100
818,1,29,24,71,4,1102
818,2,45,31,68,3,1103
818,3,13,12,64,3,1104
819,1,5,43,71,1,1105
820,1,5,43,71,3,1106
820,2,15,13,97,2,1106
821,1,12,10,48,2,1107
821,2,25,9,8,2,1107
822,1,44,39,32,2,1108
822,2,24,48,39,3,1109
823,1,39,11,3,1110
824,1,7,19,16,5,
824,2,42,10,11,2,
824,3,21,38,34,5,
825,1,27,39,91,1,1112
825,2,25,9,8,4,1111
826,1,7,19,16,1,1114
826,2,2,29,55,3,1113
826,3,15,13,97,5,1114
827,1,43,16,64,5,1115
827,2,46,27,64,3,1116
828,1,18,24,46,4,
828,2,46,27,64,2,
829,1,13,12,64,1,1117
830,1,7,19,16,1,1118
831,1,26,48,75,4,
831,2,15,13,97,1,
832,1,10,29,49,4,
832,2,9,21,16,4,
833,1,18,24,46,5,1119
833,2,7,19,16,3,1120
833,3,6,38,28,2,1119
834,1,12,10,48,3,521
834,2,45,31,68,4,521
835,1,28,10,24,3,1123
836,1,24,48,39,5,1124
836,2,30,37,34,4,1124
837,1,33,37,5,1125
838,1,39,11,4,
839,1,38,22,98,3,
839,2,7,19,16,5,
840,1,25,9,8,4,1127
840,2,11,30,69,5,1128
840,3,3,16,67,4,1126
841,1,24,48,39,4,
842,1,23,10,33,4,1129
842,2,15,13,97,2,1129
842,3,40,34,06,4,1129
843,1,17,39,89,3,1130
843,2,33,37,2,1130
843,3,8,19,58,2,1130
844,1,6,38,28,1,1131
845,1,26,48,75,2,1132
845,2,5,43,71,3,1132
846,1,16,13,09,5,
846,2,46,39,16,2,
847,1,17,39,89,2,
847,2,6,38,28,5,
847,3,27,39,91,5,
848,1,38,22,98,2,1134
848,2,19,14,34,2,1133
849,1,3,16,67,2,1135
849,2,35,7,18,2,1136
850,1,8,19,58,3,1137
850,2,11,30,69,3,1138
851,1,39,11,2,1139
851,2,16,13,09,4,1140
852,1,11,30,69,2,1141
852,2,30,37,34,4,1141
853,1,30,37,34,1,1143
853,2,42,10,11,2,1143
853,3,20,28,21,2,1143
854,1,15,13,97,2,
854,2,25,9,8,3,
854,3,37,29,51,2,
855,1,36,49,12,2,1145
856,1,21,38,34,4,
856,2,20,28,21,3,
856,3,14,26,14,4,
857,1,29,24,71,2,1146
857,2,15,13,97,2,1146
858,1,9,21,16,3,1147
858,2,39,11,3,1148
859,1,5,43,71,5,10
859,2,22,39,78,4,1150
860,1,12,10,48,2,1151
860,2,30,37,34,4,1151
860,3,28,10,24,1,1151
861,1,31,28,59,5,1153
861,2,18,24,46,5,1152
862,1,23,10,33,1,
862,2,33,37,4,
863,1,36,49,12,1,
864,1,19,14,34,3,
865,1,32,5,65,3,899
865,2,45,31,68,2,1154
866,1,32,5,65,5,1156
866,2,31,28,59,2,1155
866,3,39,11,4,1155
867,1,21,38,34,4,1157
868,1,44,39,32,3,1158
869,1,11,30,69,3,1159
869,2,27,39,91,4,1159
870,1,20,28,21,3,1160
870,2,2,29,55,3,1160
871,1,22,39,78,4,1163
871,2,32,5,65,3,1162
871,3,4,44,17,2,1161
872,1,13,12,64,5,1164
873,1,42,10,11,2,
874,1,46,27,64,2,1166
874,2,27,39,91,4,1165
875,1,38,22,98,4,1167
875,2,40,34,06,4,1167
876,1,41,8,66,2,1168
876,2,46,39,16,3,1168
877,1,5,43,71,5,
877,2,11,30,69,4,
877,3,25,9,8,2,
878,1,36,49,12,2,1169
879,1,41,8,66,4,1170
879,2,43,16,64,5,1170
880,1,39,11,2,1171
881,1,35,7,18,3,722
881,2,12,10,48,2,1173
881,3,42,10,11,5,1172
882,1,14,26,14,2,
882,2,28,10,24,1,
882,3,36,49,12,1,
883,1,32,5,65,2,1174
883,2,3,16,67,4,1174
884,1,22,39,78,1,1175
884,2,36,49,12,4,1175
885,1,26,48,75,5,1177
885,2,23,10,33,4,1177
886,1,15,13,97,4,1178
887,1,24,48,39,3,1179
888,1,20,28,21,4,1180
888,2,28,10,24,4,1180
888,3,16,13,09,2,1181
889,1,5,43,71,4,
890,1,46,27,64,2,1184
890,2,35,7,18,2,927
890,3,22,39,78,4,1183
891,1,31,28,59,3,1185
892,1,12,10,48,1,1187
892,2,34,23,32,2,1186
892,3,28,10,24,3,1186
893,1,14,26,14,1,1189
893,2,36,49,12,5,1188
894,1,40,34,06,1,1190
894,2,44,39,32,5,1191
894,3,46,27,64,2,1191
895,1,22,39,78,3,
895,2,46,27,64,3,
896,1,44,39,32,4,1192
896,2,30,37,34,1,1192
897,1,8,19,58,1,1193
897,2,21,38,34,1,1193
898,1,26,48,75,1,
899,1,31,28,59,2,1195
900,1,2,29,55,2,
900,2,45,31,68,3,
900,3,6,38,28,2,
901,1,13,12,64,2,1196
902,1,42,10,11,4,
902,2,26,48,75,5,
903,1,40,34,06,1,1171
904,1,35,7,18,5,1199
904,2,2,29,55,1,1198
905,1,10,29,49,4,1200
906,1,18,24,46,1,1201
906,2,15,13,97,4,1202
907,1,31,28,59,5,1203
907,2,39,11,4,1203
907,3,19,14,34,4,1204
908,1,12,10,48,1,
908,2,4,44,17,5,
909,1,45,31,68,3,
909,2,28,10,24,4,
910,1,30,37,34,4,1205
910,2,29,24,71,4,1205
911,1,26,48,75,3,1207
911,2,27,39,91,3,1206
912,1,21,38,34,3,1208
912,2,31,28,59,3,1208
913,1,46,27,64,4,
913,2,28,10,24,2,
914,1,27,39,91,2,1209
914,2,17,39,89,1,1210
915,1,32,5,65,2,
916,1,31,28,59,4,1211
916,2,42,10,11,1,1211
917,1,46,27,64,2,1212
918,1,26,48,75,4,1213
918,2,5,43,71,4,1213
918,3,17,39,89,4,1213
919,1,32,5,65,1,
919,2,7,19,16,3,
919,3,43,16,64,3,
920,1,41,8,66,2,
920,2,4,44,17,4,
921,1,37,29,51,4,1214
921,2,42,10,11,4,1215
922,1,28,10,24,3,1217
922,2,41,8,66,2,1216
923,1,46,39,16,3,
923,2,45,31,68,4,
923,3,35,7,18,4,
924,1,40,34,06,2,1218
924,2,26,48,75,3,1218
925,1,6,38,28,1,1219
925,2,13,12,64,2,1219
926,1,36,49,12,4,1220
926,2,4,44,17,1,1220
927,1,4,44,17,2,1222
927,2,21,38,34,4,1223
927,3,24,48,39,5,1221
928,1,3,16,67,2,1224
928,2,12,10,48,4,1224
928,3,35,7,18,4,1224
929,1,28,10,24,4,
929,2,46,39,16,4,
930,1,46,39,16,2,1226
930,2,6,38,28,1,1226
931,1,8,19,58,1,1227
932,1,12,10,48,3,1229
932,2,10,29,49,2,1228
932,3,21,38,34,1,1229
933,1,4,44,17,2,1230
933,2,9,21,16,3,1231
934,1,10,29,49,1,1232
935,1,2,29,55,2,
936,1,11,30,69,2,
936,2,33,37,5,
937,1,29,24,71,4,1233
937,2,16,13,09,4,1233
937,3,44,39,32,5,1234
938,1,30,37,34,3,1235
939,1,41,8,66,5,1236
939,2,5,43,71,1,1236
940,1,12,10,48,4,1237
940,2,10,29,49,3,418
941,1,20,28,21,1,1238
941,2,33,37,3,1207
942,1,46,27,64,2,
942,2,33,37,3,
943,1,6,38,28,2,1239
944,1,25,9,8,3,1240
945,1,46,27,64,1,1243
945,2,24,48,39,2,1242
945,3,28,10,24,5,1241
946,1,25,9,8,2,
946,2,11,30,69,2,
947,1,32,5,65,3,1244
947,2,13,12,64,1,1244
948,1,28,10,24,1,1246
948,2,19,14,34,2,1245
949,1,11,30,69,4,1247
950,1,22,39,78,3,1248
950,2,23,10,33,4,1248
951,1,30,37,34,5,
951,2,46,27,64,3,
951,3,13,12,64,2,
952,1,29,24,71,2,1250
952,2,37,29,51,1,1249
953,1,44,39,32,1,
953,2,28,10,24,4,
954,1,31,28,59,1,1252
954,2,14,26,14,2,1253
954,3,42,10,11,4,1251
955,1,35,7,18,3,1255
955,2,17,39,89,5,1254
956,1,22,39,78,2,1256
956,2,13,12,64,5,1257
957,1,8,19,58,4,1258
958,1,19,14,34,4,1260
958,2,15,13,97,4,760
958,3,7,19,16,3,1260
959,1,41,8,66,4,
959,2,35,7,18,2,
959,3,30,37,34,3,
960,1,26,48,75,2,1262
960,2,43,16,64,3,1262
960,3,24,48,39,1,1261
961,1,23,10,33,4,
961,2,40,34,06,2,
962,1,44,39,32,3,1263
963,1,12,10,48,1,
963,2,42,10,11,5,
964,1,8,19,58,5,1264
965,1,46,39,16,1,1266
965,2,17,39,89,1,1267
965,3,15,13,97,3,1265
966,1,46,27,64,5,1268
966,2,15,13,97,5,1268
967,1,45,31,68,3,1255
968,1,30,37,34,2,1271
968,2,13,12,64,3,1270
968,3,35,7,18,3,1270
969,1,16,13,09,3,
969,2,15,13,97,3,
970,1,2,29,55,4,1272
970,2,35,7,18,1,1272
971,1,35,7,18,2,1274
971,2,21,38,34,4,1273
972,1,27,39,91,3,
972,2,23,10,33,4,
973,1,39,11,2,
974,1,2,29,55,4,1275
974,2,21,38,34,2,1275
974,3,40,34,06,1,1276
975,1,9,21,16,3,1277
975,2,46,39,16,3,1277
976,1,14,26,14,2,1278
976,2,40,34,06,4,1278
977,1,11,30,69,5,1281
977,2,24,48,39,5,1280
977,3,25,9,8,2,1279
978,1,44,39,32,2,1283
978,2,3,16,67,2,1282
979,1,11,30,69,2,
980,1,28,10,24,2,
981,1,16,13,09,2,1285
981,2,10,29,49,1,1284
982,1,31,28,59,5,1286
983,1,10,29,49,4,1287
983,2,46,27,64,1,1288
983,3,7,19,16,3,1287
984,1,28,10,24,3,
984,2,27,39,91,2,
984,3,8,19,58,2,
985,1,22,39,78,4,1289
985,2,36,49,12,1,1289
986,1,12,10,48,3,
986,2,14,26,14,5,
987,1,29,24,71,1,1291
987,2,45,31,68,4,1292
988,1,12,10,48,2,1293
988,2,44,39,32,4,1294
988,3,8,19,58,4,1294
989,1,31,28,59,4,1297
989,2,43,16,64,2,1296
989,3,17,39,89,4,954
990,1,44,39,32,4,
991,1,22,39,78,3,1299
991,2,17,39,89,4,1298
992,1,19,14,34,2,1300
992,2,15,13,97,3,1300
993,1,35,7,18,4,1301
993,2,14,26,14,4,1302
993,3,19,14,34,4,1301
994,1,29,24,71,2,
994,2,14,26,14,4,
995,1,7,19,16,1,1304
995,2,30,37,34,1,1303
996,1,6,38,28,2,1305
997,1,46,27,64,2,1306
997,2,3,16,67,3,1306
998,1,3,16,67,3,
998,2,39,11,5,
999,1,40,34,06,3,1058
999,2,27,39,91,3,1308
999,3,29,24,71,4,1308
1000,1,29,24,71,3,1309
1000,2,8,19,58,2,1309
1001,1,42,10,11,5,1310
1001,2,15,13,97,3,173
1002,1,4,44,17,4,1311
1002,2,37,29,51,3,1311
1003,1,44,39,32,1,1312
1004,1,30,37,34,1,1313
1005,1,12,10,48,1,1314
1005,2,10,29,49,4,1314
1006,1,32,5,65,3,
1006,2,4,44,17,5,
1006,3,10,29,49,2,
1007,1,16,13,09,4,1315
1007,2,15,13,97,3,1315
1008,1,9,21,16,2,1317
1008,2,35,7,18,2,1318
1009,1,7,19,16,2,
1009,2,23,10,33,3,
1010,1,24,48,39,5,1319
1010,2,22,39,78,4,1319
1011,1,11,30,69,2,1321
1011,2,21,38,34,2,1322
1012,1,26,48,75,5,1323
1013,1,10,29,49,2,1324
1013,2,45,31,68,1,1325
1014,1,31,28,59,5,1326
1014,2,10,29,49,5,1327
1015,1,7,19,16,2,
1015,2,46,27,64,1,
1016,1,16,13,09,3,1328
1016,2,33,37,1,1328
1017,1,28,10,24,5,1329
1017,2,26,48,75,4,1329
1018,1,12,10,48,4,1330
1018,2,6,38,28,3,1330
1019,1,46,39,16,2,
1020,1,40,34,06,4,
1021,1,42,10,11,4,1332
1021,2,36,49,12,4,1333
1021,3,6,38,28,2,1331
1022,1,4,44,17,2,1334
1023,1,4,44,17,2,
1023,2,43,16,64,2,
1024,1,45,31,68,2,1335
1025,1,27,39,91,1,1336
1025,2,43,16,64,2,1337
1025,3,9,21,16,5,1338
1026,1,28,10,24,2,
1026,2,23,10,33,4,
1027,1,12,10,48,4,1340
1027,2,18,24,46,2,1339
1027,3,20,28,21,2,1339
1028,1,12,10,48,2,1341
1029,1,28,10,24,4,
1029,2,14,26,14,5,
1030,1,4,44,17,3,
1030,2,28,10,24,2,
1031,1,32,5,65,4,1342
1031,2,46,39,16,5,1342
1032,1,6,38,28,3,670
1032,2,45,31,68,4,1343
1033,1,41,8,66,3,1344
1034,1,41,8,66,4,1088
1034,2,23,10,33,2,1345
1035,1,38,22,98,2,1346
1035,2,23,10,33,3,1346
1036,1,13,12,64,3,1349
1036,2,10,29,49,3,1348
1036,3,28,10,24,2,712
1037,1,7,19,16,2,
1037,2,30,37,34,4,
1038,1,25,9,8,2,1350
1038,2,34,23,32,3,1351
1039,1,26,48,75,5,
1040,1,10,29,49,3,
1040,2,11,30,69,3,
1041,1,4,44,17,2,1352
1042,1,21,38,34,4,1353
1043,1,28,10,24,3,
1043,2,27,39,91,2,
1044,1,26,48,75,4,1354
1044,2,13,12,64,3,1354
1045,1,37,29,51,4,1355
1045,2,19,14,34,2,1356
1045,3,33,37,4,1356
1046,1,38,22,98,2,1357
1047,1,11,30,69,3,
1048,1,9,21,16,3,1359
1048,2,37,29,51,3,1185
1049,1,32,5,65,3,1361
1049,2,16,13,09,4,1306
1049,3,45,31,68,5,1361
1050,1,22,39,78,2,
1050,2,45,31,68,2,
1051,1,4,44,17,3,1363
1051,2,36,49,12,4,1363
1051,3,10,29,49,2,1362
1052,1,36,49,12,4,1364
1052,2,33,37,3,1364
1052,3,44,39,32,4,1364
1053,1,21,38,34,5,1365
1053,2,40,34,06,1,1365
1054,1,31,28,59,3,1366
1054,2,26,48,75,1,1366
1055,1,19,14,34,2,1369
1055,2,3,16,67,3,1368
1056,1,46,39,16,3,1371
1056,2,8,19,58,4,1370
1057,1,5,43,71,4,
1057,2,37,29,51,3,
1058,1,16,13,09,5,
1058,2,34,23,32,1,
1058,3,2,29,55,1,
1059,1,31,28,59,2,
1059,2,28,10,24,2,
1060,1,38,22,98,3,1373
1060,2,35,7,18,2,1372
1060,3,6,38,28,1,1372
1061,1,33,37,5,
1061,2,6,38,28,1,
1062,1,40,34,06,4,
1062,2,5,43,71,4,
1063,1,31,28,59,4,1374
1063,2,46,27,64,4,1375
1063,3,23,10,33,4,1374
1064,1,46,27,64,4,1376
1064,2,16,13,09,5,1376
1064,3,21,38,34,1,1378
1065,1,16,13,09,4,1379
1065,2,6,38,28,4,1380
1066,1,6,38,28,1,1381
1066,2,37,29,51,5,1381
1067,1,8,19,58,2,1383
1067,2,14,26,14,4,1382
1067,3,21,38,34,4,1383
1068,1,3,16,67,5,
1068,2,12,10,48,2,
1069,1,29,24,71,2,1384
1069,2,7,19,16,5,1384
1070,1,10,29,49,2,1386
1070,2,16,13,09,4,1385
1071,1,35,7,18,3,
1071,2,13,12,64,4,
1072,1,2,29,55,2,1387
1072,2,36,49,12,5,1388
1073,1,44,39,32,4,1389
1074,1,7,19,16,2,1390
1074,2,21,38,34,2,1390
1075,1,28,10,24,5,
1075,2,38,22,98,1,
1076,1,45,31,68,2,1392
1076,2,17,39,89,3,1391
1077,1,15,13,97,3,
1077,2,38,22,98,4,
1078,1,46,27,64,2,
1079,1,46,39,16,2,
1079,2,13,12,64,2,
1080,1,23,10,33,3,1393
1080,2,43,16,64,3,1394
1081,1,41,8,66,2,1395
1082,1,22,39,78,3,
1082,2,20,28,21,2,
1083,1,29,24,71,2,1396
1083,2,27,39,91,1,1396
1084,1,41,8,66,3,
1085,1,19,14,34,4,
1085,2,32,5,65,4,
1086,1,24,48,39,4,1398
1086,2,28,10,24,3,1397
1087,1,6,38,28,5,
1088,1,39,11,1,1400
1088,2,2,29,55,2,1399
1089,1,7,19,16,4,1401
1089,2,27,39,91,4,1401
1090,1,43,16,64,3,1402
1091,1,13,12,64,2,
1091,2,34,23,32,3,
1092,1,46,39,16,4,
1092,2,4,44,17,1,
1092,3,30,37,34,5,
1093,1,31,28,59,2,
1093,2,10,29,49,1,
1094,1,21,38,34,4,
1094,2,29,24,71,2,
1095,1,33,37,2,1403
1095,2,21,38,34,2,1404
1096,1,2,29,55,4,1405
1096,2,38,22,98,4,1405
1097,1,19,14,34,1,1407
1097,2,25,9,8,2,1407
1098,1,4,44,17,4,1408
1099,1,40,34,06,2,
1099,2,31,28,59,5,
1100,1,12,10,48,2,
1100,2,37,29,51,5,
1101,1,17,39,89,3,1409
1102,1,10,29,49,3,
1102,2,39,11,2,
1102,3,14,26,14,2,
1103,1,7,19,16,2,1410
1103,2,27,39,91,2,1411
1104,1,34,23,32,3,1412
1104,2,17,39,89,3,1412
1104,3,35,7,18,3,1412
1105,1,28,10,24,1,
1106,1,30,37,34,3,1413
1106,2,5,43,71,3,1413
1107,1,4,44,17,2,
1107,2,10,29,49,5,
1107,3,31,28,59,4,
1108,1,35,7,18,5,1414
1108,2,27,39,91,2,1414
1109,1,6,38,28,3,1416
1109,2,29,24,71,3,1415
1110,1,15,13,97,2,
1111,1,41,8,66,4,1417
1111,2,13,12,64,1,1417
1112,1,39,11,3,
1113,1,9,21,16,4,1418
1113,2,25,9,8,4,1420
1113,3,7,19,16,3,1419
1114,1,35,7,18,1,1421
1114,2,4,44,17,4,1422
1114,3,43,16,64,5,1422
1115,1,29,24,71,4,1424
1115,2,37,29,51,5,1424
1116,1,33,37,2,1425
1117,1,16,13,09,3,
1117,2,24,48,39,4,
1118,1,35,7,18,1,1426
1118,2,4,44,17,2,1426
1119,1,25,9,8,3,
1119,2,9,21,16,4,
1119,3,45,31,68,2,
1120,1,16,13,09,5,1428
1120,2,45,31,68,2,1429
1120,3,19,14,34,2,840
1121,1,27,39,91,4,1430
1122,1,8,19,58,4,1432
1122,2,2,29,55,4,1431
1123,1,12,10,48,4,1433
1123,2,30,37,34,5,1433
1124,1,2,29,55,3,1434
1125,1,7,19,16,3,1435
1125,2,31,28,59,2,1435
1125,3,30,37,34,3,1436
1126,1,35,7,18,3,
1126,2,3,16,67,3,
1127,1,34,23,32,5,1038
1127,2,33,37,5,1438
1127,3,14,26,14,2,1437
1128,1,46,39,16,3,
1128,2,15,13,97,5,
1129,1,7,19,16,3,
1129,2,31,28,59,1,
1129,3,18,24,46,1,
1130,1,13,12,64,1,
1131,1,18,24,46,2,1439
1131,2,24,48,39,3,1439
1131,3,42,10,11,2,1440
1132,1,18,24,46,3,1442
1132,2,30,37,34,1,1441
1133,1,46,39,16,5,
1134,1,24,48,39,3,1443
1134,2,36,49,12,4,1443
1135,1,35,7,18,4,1444
1136,1,18,24,46,2,
1136,2,40,34,06,4,
1136,3,38,22,98,1,
1137,1,12,10,48,5,1446
1137,2,37,29,51,4,1445
1137,3,46,27,64,5,1446
1138,1,43,16,64,3,1447
1138,2,29,24,71,5,1448
1139,1,24,48,39,2,
1140,1,46,27,64,1,1449
1140,2,32,5,65,2,1449
1141,1,11,30,69,1,1450
1141,2,42,10,11,1,1450
1142,1,25,9,8,5,1294
1142,2,22,39,78,3,1451
1143,1,40,34,06,3,1452
1143,2,37,29,51,4,1452
1143,3,6,38,28,3,1452
1144,1,34,23,32,1,1454
1144,2,3,16,67,5,367
1145,1,12,10,48,1,1455
1146,1,42,10,11,3,1456
1146,2,39,11,2,1456
1146,3,6,38,28,2,1456
1147,1,3,16,67,1,
1147,2,10,29,49,2,
1148,1,37,29,51,1,
1148,2,46,39,16,4,
1148,3,32,5,65,3,
1149,1,37,29,51,4,1457
1149,2,2,29,55,2,1458
1150,1,23,10,33,4,
1151,1,38,22,98,5,1459
1151,2,2,29,55,4,1459
1152,1,4,44,17,5,
1152,2,39,11,1,
1153,1,18,24,46,3,1460
1153,2,19,14,34,5,1461
1154,1,28,10,24,3,
1154,2,18,24,46,4,
1155,1,24,48,39,1,
1155,2,36,49,12,5,
1156,1,23,10,33,3,1462
1156,2,5,43,71,4,1463
1156,3,44,39,32,5,1463
1157,1,33,37,4,
1157,2,34,23,32,2,
1158,1,38,22,98,4,
1158,2,32,5,65,3,
1159,1,31,28,59,2,1464
1159,2,2,29,55,5,1465
1159,3,28,10,24,5,1464
1160,1,33,37,3,1202
1160,2,7,19,16,1,1466
1161,1,32,5,65,2,1467
1162,1,45,31,68,3,
1163,1,17,39,89,4,
1163,2,10,29,49,2,
1164,1,35,7,18,5,
1164,2,40,34,06,3,
1165,1,6,38,28,5,1468
1165,2,36,49,12,5,1468
1166,1,38,22,98,3,1470
1166,2,19,14,34,2,1470
1167,1,20,28,21,1,
1167,2,15,13,97,2,
1167,3,13,12,64,4,
1168,1,4,44,17,4,1472
1168,2,5,43,71,4,1471
1169,1,9,21,16,2,1094
1169,2,22,39,78,5,1473
1170,1,41,8,66,4,1475
1170,2,30,37,34,2,1474
1171,1,40,34,06,4,
1171,2,18,24,46,3,
1172,1,8,19,58,3,1476
1172,2,5,43,71,3,1476
1173,1,45,31,68,1,
1173,2,30,37,34,4,
1173,3,22,39,78,3,
1174,1,34,23,32,2,1477
1174,2,11,30,69,1,1478
1175,1,45,31,68,3,1479
1175,2,33,37,1,1481
1175,3,46,39,16,1,1480
1176,1,35,7,18,2,1482
1176,2,28,10,24,1,1482
1176,3,25,9,8,4,1483
1177,1,24,48,39,4,
1177,2,13,12,64,4,
1178,1,31,28,59,4,1484
1179,1,37,29,51,1,
1179,2,42,10,11,3,
1179,3,4,44,17,5,
1180,1,20,28,21,2,1485
1180,2,23,10,33,4,1486
1181,1,36,49,12,4,1487
1182,1,37,29,51,2,1488
1183,1,5,43,71,3,
1183,2,37,29,51,3,
1183,3,11,30,69,4,
1184,1,39,11,5,
1185,1,22,39,78,3,1489
1186,1,24,48,39,4,1491
1186,2,35,7,18,5,1478
1187,1,33,37,1,1493
1187,2,41,8,66,2,1492
1188,1,28,10,24,3,1494
1188,2,29,24,71,1,1495
1188,3,22,39,78,1,1495
1189,1,29,24,71,4,1496
1189,2,12,10,48,4,1497
1189,3,46,27,64,1,1497
1190,1,37,29,51,3,
1191,1,33,37,2,1498
1191,2,40,34,06,3,1499
1191,3,14,26,14,3,1499
1192,1,10,29,49,2,
1192,2,16,13,09,4,
1192,3,5,43,71,4,
1193,1,37,29,51,4,1500
1193,2,15,13,97,1,1500
1194,1,32,5,65,3,
1195,1,13,12,64,1,1501
1196,1,32,5,65,2,1503
1196,2,18,24,46,2,1502
1196,3,40,34,06,2,1502
1197,1,34,23,32,4,1505
1197,2,2,29,55,3,1504
1198,1,14,26,14,4,1506
1198,2,17,39,89,3,1506
1199,1,45,31,68,4,1507
1199,2,41,8,66,4,1250
1200,1,19,14,34,5,1509
1200,2,27,39,91,3,1508
1200,3,7,19,16,4,1509
1201,1,39,11,1,1510
1201,2,28,10,24,1,1510
1201,3,26,48,75,1,1510
1202,1,22,39,78,3,
1202,2,27,39,91,4,
1203,1,10,29,49,3,1511
1204,1,31,28,59,3,
1204,2,38,22,98,1,
1204,3,18,24,46,3,
1205,1,5,43,71,3,
1205,2,19,14,34,3,
1206,1,43,16,64,4,1512
1206,2,16,13,09,1,1512
1207,1,20,28,21,4,1514
1207,2,27,39,91,4,1514
1207,3,40,34,06,4,1514
1208,1,43,16,64,4,1515
1209,1,13,12,64,5,1516
1209,2,33,37,5,1516
1210,1,42,10,11,3,
1210,2,17,39,89,4,
1210,3,21,38,34,2,
1211,1,16,13,09,4,1517
1212,1,46,27,64,4,1519
1212,2,19,14,34,4,1518
1213,1,8,19,58,4,1520
1213,2,11,30,69,2,1520
1214,1,9,21,16,3,1521
1214,2,10,29,49,1,1521
1214,3,4,44,17,4,1521
1215,1,46,39,16,3,1524
1215,2,26,48,75,1,1524
1215,3,19,14,34,5,1523
1216,1,23,10,33,4,1526
1216,2,7,19,16,5,1527
1217,1,44,39,32,2,
1217,2,10,29,49,1,
1218,1,45,31,68,3,
1218,2,18,24,46,4,
1219,1,37,29,51,3,1528
1220,1,35,7,18,3,
1220,2,42,10,11,1,
1220,3,41,8,66,5,
1221,1,18,24,46,4,1530
1221,2,43,16,64,5,1529
1222,1,34,23,32,2,1531
1222,2,32,5,65,2,1531
1223,1,40,34,06,1,1532
1223,2,37,29,51,1,1532
1224,1,22,39,78,3,1533
1224,2,16,13,09,2,1533
1225,1,44,39,32,5,885
1226,1,2,29,55,2,
1227,1,10,29,49,3,
1227,2,25,9,8,5,
1228,1,28,10,24,4,1535
1229,1,20,28,21,1,1536
1229,2,25,9,8,2,1536
1230,1,41,8,66,4,1538
1230,2,40,34,06,4,1537
1231,1,15,13,97,2,
1231,2,46,39,16,5,
1231,3,8,19,58,5,
1232,1,38,22,98,4,
1232,2,19,14,34,3,
1233,1,42,10,11,3,
1233,2,27,39,91,5,
1233,3,33,37,3,
1234,1,41,8,66,2,1539
1234,2,30,37,34,2,1539
1235,1,21,38,34,2,
1235,2,43,16,64,1,
1236,1,9,21,16,4,1540
1236,2,16,13,09,3,1540
1236,3,25,9,8,3,1540
1237,1,2,29,55,3,
1237,2,20,28,21,1,
1238,1,7,19,16,1,1541
1238,2,4,44,17,5,1542
1239,1,24,48,39,3,
1239,2,14,26,14,3,
1240,1,36,49,12,1,1543
1240,2,45,31,68,4,1412
1240,3,23,10,33,4,1544
1241,1,14,26,14,1,
1241,2,8,19,58,3,
1241,3,43,16,64,4,
1242,1,23,10,33,3,1546
1242,2,11,30,69,4,1545
1242,3,45,31,68,5,1546
1243,1,17,39,89,3,
1243,2,38,22,98,4,
1244,1,13,12,64,2,1547
1244,2,15,13,97,1,1548
1245,1,38,22,98,3,1550
1245,2,41,8,66,4,1549
1245,3,27,39,91,4,1549
1246,1,15,13,97,5,1551
1247,1,33,37,3,1552
1247,2,5,43,71,2,1552
1247,3,46,27,64,3,1552
1248,1,24,48,39,2,
1248,2,21,38,34,3,
1249,1,4,44,17,4,1553
1249,2,46,39,16,1,1553
1250,1,30,37,34,3,
1251,1,14,26,14,4,1555
1251,2,8,19,58,4,1554
1252,1,19,14,34,4,
1252,2,21,38,34,4,
1252,3,17,39,89,4,
1253,1,27,39,91,3,1556
1254,1,32,5,65,3,1557
1254,2,24,48,39,3,1557
1254,3,2,29,55,1,1559
1255,1,36,49,12,2,1560
1255,2,20,28,21,2,1560
1256,1,40,34,06,2,
1256,2,12,10,48,4,
1256,3,37,29,51,2,
1257,1,18,24,46,3,
1258,1,15,13,97,1,1561
1258,2,25,9,8,3,1561
1259,1,3,16,67,4,1562
1259,2,8,19,58,4,1562
1260,1,30,37,34,3,
1260,2,5,43,71,4,
1261,1,30,37,34,4,1564
1261,2,31,28,59,2,1564
1262,1,35,7,18,4,838
1263,1,22,39,78,2,
1263,2,39,11,2,
1264,1,40,34,06,4,1566
1264,2,33,37,1,1566
1265,1,24,48,39,5,
1265,2,35,7,18,2,
1266,1,22,39,78,2,1567
1266,2,33,37,3,1567
1267,1,3,16,67,3,1568
1267,2,32,5,65,4,1568
1268,1,18,24,46,4,
1268,2,34,23,32,3,
1268,3,31,28,59,2,
1269,1,35,7,18,3,1569
1270,1,4,44,17,4,1571
1270,2,42,10,11,4,1570
1271,1,22,39,78,2,
1271,2,38,22,98,4,
1272,1,32,5,65,2,1572
1272,2,35,7,18,4,1572
1272,3,38,22,98,3,1573
1273,1,28,10,24,5,
1273,2,24,48,39,4,
1274,1,23,10,33,3,1574
1274,2,3,16,67,2,1574
1275,1,7,19,16,4,
1276,1,8,19,58,2,
1276,2,16,13,09,1,
1277,1,37,29,51,3,
1277,2,6,38,28,4,
1278,1,27,39,91,5,
1278,2,8,19,58,4,
1279,1,35,7,18,2,
1279,2,44,39,32,3,
1279,3,8,19,58,4,
1280,1,19,14,34,3,1576
1280,2,2,29,55,5,1575
1280,3,30,37,34,2,1575
1281,1,24,48,39,3,
1282,1,26,48,75,1,1578
1282,2,40,34,06,5,1577
1283,1,32,5,65,4,
1283,2,12,10,48,3,
1284,1,29,24,71,2,1579
1284,2,8,19,58,2,1579
1285,1,15,13,97,5,1580
1285,2,25,9,8,4,1581
1285,3,39,11,5,1581
1286,1,46,39,16,1,1582
1286,2,26,48,75,5,1582
1287,1,27,39,91,1,1584
1287,2,25,9,8,5,1583
1288,1,20,28,21,2,1585
1288,2,16,13,09,2,1585
1289,1,30,37,34,2,
1290,1,23,10,33,4,
1291,1,36,49,12,1,1587
1291,2,22,39,78,3,1586
1291,3,11,30,69,3,1586
1292,1,8,19,58,1,1588
1292,2,44,39,32,3,1588
1292,3,12,10,48,3,1588
1293,1,2,29,55,3,
1293,2,19,14,34,5,
1293,3,33,37,3,
1294,1,35,7,18,2,
1294,2,44,39,32,3,
1295,1,7,19,16,2,1590
1295,2,23,10,33,4,1591
1296,1,14,26,14,4,
1296,2,40,34,06,3,
1297,1,40,34,06,4,
1297,2,18,24,46,3,
1298,1,5,43,71,3,1593
1298,2,16,13,09,2,1592
1299,1,40,34,06,4,1594
1299,2,42,10,11,3,1594
1299,3,7,19,16,1,1595
1300,1,15,13,97,4,
1300,2,37,29,51,5,
1300,3,44,39,32,5,
1301,1,35,7,18,4,
1301,2,25,9,8,2,
1302,1,26,48,75,3,
1302,2,31,28,59,5,
1303,1,46,39,16,4,
1303,2,39,11,4,
1304,1,23,10,33,1,1596
1305,1,13,12,64,5,1597
1306,1,29,24,71,3,1598
1307,1,33,37,2,
1307,2,7,19,16,4,
1308,1,12,10,48,5,1599
1309,1,27,39,91,3,1600
1310,1,43,16,64,2,
1310,2,12,10,48,2,
1311,1,2,29,55,4,
1311,2,4,44,17,2,
1312,1,5,43,71,3,1602
1312,2,19,14,34,1,1602
1312,3,21,38,34,1,1601
1313,1,22,39,78,4,
1314,1,15,13,97,3,
1314,2,32,5,65,3,
1315,1,19,14,34,2,1604
1315,2,17,39,89,2,1603
1316,1,16,13,09,2,1605
1317,1,41,8,66,4,1606
1317,2,26,48,75,5,1606
1318,1,14,26,14,5,1607
1318,2,23,10,33,4,1607
1319,1,44,39,32,4,1608
1319,2,4,44,17,4,1215
1320,1,21,38,34,4,1610
1320,2,17,39,89,2,1609
1321,1,43,16,64,2,1611
1321,2,37,29,51,1,1612
1321,3,46,39,16,3,1612
1322,1,3,16,67,2,1614
1322,2,34,23,32,2,965
1323,1,19,14,34,2,1616
1323,2,38,22,98,2,1615
1324,1,39,11,2,
1324,2,14,26,14,5,
1324,3,41,8,66,3,
1325,1,8,19,58,2,1618
1325,2,9,21,16,2,1617
1326,1,3,16,67,4,
1326,2,18,24,46,2,
1326,3,21,38,34,4,
1327,1,15,13,97,2,
1328,1,24,48,39,2,1619
1328,2,43,16,64,2,1620
1329,1,26,48,75,3,1621
1329,2,37,29,51,2,1623
1329,3,36,49,12,2,1622
1330,1,10,29,49,4,1624
1331,1,15,13,97,1,
1331,2,13,12,64,2,
1332,1,22,39,78,2,1625
1333,1,2,29,55,1,1626
1333,2,28,10,24,1,1626
1334,1,45,31,68,4,
1334,2,17,39,89,3,
1335,1,45,31,68,4,1627
1335,2,33,37,3,1628
1335,3,17,39,89,4,1627
1336,1,46,39,16,3,
1336,2,26,48,75,3,
1337,1,45,31,68,2,1629
1337,2,8,19,58,3,1629
1338,1,13,12,64,2,
1338,2,23,10,33,1,
1339,1,21,38,34,4,1631
1339,2,45,31,68,2,1630
1340,1,3,16,67,2,1632
1341,1,6,38,28,2,1633
1342,1,43,16,64,2,1634
1342,2,32,5,65,1,1635
1343,1,28,10,24,1,
1343,2,39,11,2,
1344,1,2,29,55,4,1636
1344,2,7,19,16,2,1637
1345,1,13,12,64,5,1116
1346,1,42,10,11,3,1639
1346,2,46,27,64,3,1639
1347,1,42,10,11,2,1574
1347,2,36,49,12,5,1641
1348,1,31,28,59,2,
1348,2,23,10,33,2,
1348,3,3,16,67,5,
1349,1,22,39,78,5,1642
1350,1,32,5,65,1,1643
1350,2,19,14,34,3,1644
1350,3,3,16,67,4,1140
1351,1,18,24,46,1,
1352,1,31,28,59,2,1645
1352,2,16,13,09,5,1646
1353,1,4,44,17,4,1647
1353,2,23,10,33,2,1648
1353,3,10,29,49,4,1647
1354,1,29,24,71,5,1649
1354,2,12,10,48,4,1649
1355,1,26,48,75,5,
1355,2,2,29,55,2,
1356,1,23,10,33,3,
1356,2,27,39,91,3,
1356,3,13,12,64,2,
1357,1,14,26,14,4,
1357,2,39,11,1,
1358,1,6,38,28,4,1650
1359,1,41,8,66,3,1651
1359,2,6,38,28,2,1651
1360,1,4,44,17,4,
1360,2,23,10,33,2,
1361,1,2,29,55,2,1652
1361,2,12,10,48,4,1653
1362,1,6,38,28,2,
1362,2,20,28,21,1,
1363,1,11,30,69,4,1654
1363,2,14,26,14,2,1654
1364,1,9,21,16,1,1656
1364,2,32,5,65,4,1656
1364,3,2,29,55,3,1655
1365,1,33,37,3,
1365,2,36,49,12,3,
1366,1,20,28,21,4,
1366,2,16,13,09,5,
1367,1,14,26,14,5,1657
1367,2,12,10,48,3,1657
1368,1,25,9,8,5,
1368,2,22,39,78,4,
1369,1,17,39,89,4,
1370,1,13,12,64,3,
1370,2,44,39,32,2,
1371,1,15,13,97,3,
1371,2,2,29,55,1,
1372,1,14,26,14,3,
1372,2,13,12,64,3,
1373,1,17,39,89,4,
1373,2,29,24,71,4,
1374,1,32,5,65,2,
1374,2,6,38,28,5,
1375,1,29,24,71,3,1658
1376,1,19,14,34,4,
1377,1,46,27,64,2,1659
1377,2,33,37,4,1659
1378,1,35,7,18,3,1660
1379,1,7,19,16,1,1661
1379,2,40,34,06,4,1661
1380,1,21,38,34,1,
1381,1,27,39,91,4,
1382,1,46,27,64,4,1662
1382,2,13,12,64,3,1662
1382,3,31,28,59,3,1662
1383,1,6,38,28,1,
1383,2,2,29,55,2,
1383,3,37,29,51,3,
1384,1,21,38,34,3,
1384,2,16,13,09,4,
1385,1,32,5,65,3,
1385,2,5,43,71,3,
1386,1,40,34,06,3,1665
1386,2,9,21,16,3,1663
1386,3,35,7,18,1,1664
1387,1,31,28,59,1,
1387,2,36,49,12,3,
1387,3,14,26,14,4,
1388,1,19,14,34,5,1666
1388,2,13,12,64,3,1666
1389,1,15,13,97,4,1667
1389,2,33,37,2,1667
1390,1,12,10,48,2,1669
1390,2,28,10,24,2,1669
1390,3,9,21,16,2,1670
1391,1,40,34,06,5,
1392,1,24,48,39,2,1671
1392,2,30,37,34,2,1671
1393,1,22,39,78,4,
1394,1,19,14,34,2,1673
1394,2,41,8,66,4,1672
1395,1,23,10,33,5,1674
1395,2,4,44,17,1,1675
1396,1,25,9,8,3,1677
1396,2,21,38,34,4,1676
1397,1,33,37,2,1678
1398,1,22,39,78,4,1679
1398,2,11,30,69,4,1679
1399,1,31,28,59,5,1680
1399,2,15,13,97,2,1682
1399,3,16,13,09,5,1681
1400,1,11,30,69,5,
1400,2,6,38,28,5,
1401,1,22,39,78,2,1683
1402,1,33,37,1,1546
1402,2,19,14,34,2,1546
1403,1,17,39,89,5,
1404,1,28,10,24,2,
1404,2,16,13,09,2,
1405,1,30,37,34,1,1686
1406,1,30,37,34,2,
1406,2,46,27,64,4,
1407,1,12,10,48,1,
1407,2,9,21,16,5,
1407,3,20,28,21,3,
1408,1,14,26,14,2,
1408,2,29,24,71,2,
1409,1,44,39,32,2,
1410,1,20,28,21,4,1688
1410,2,7,19,16,4,1687
1411,1,28,10,24,5,1689
1411,2,23,10,33,4,1689
1412,1,22,39,78,4,
1412,2,35,7,18,5,
1413,1,30,37,34,4,1690
1413,2,38,22,98,4,1691
1414,1,13,12,64,5,1692
1414,2,26,48,75,4,1692
1415,1,44,39,32,3,1693
1416,1,40,34,06,4,
1417,1,32,5,65,2,
1417,2,29,24,71,2,
1417,3,33,37,4,
1418,1,31,28,59,2,
1418,2,45,31,68,3,
1419,1,33,37,2,
1419,2,12,10,48,3,
1420,1,2,29,55,3,1695
1420,2,29,24,71,3,1694
1420,3,40,34,06,3,1694
1421,1,34,23,32,2,1697
1421,2,14,26,14,4,1696
1422,1,25,9,8,5,
1422,2,22,39,78,4,
1423,1,18,24,46,4,
1423,2,27,39,91,2,
1424,1,19,14,34,1,
1424,2,27,39,91,1,
1425,1,21,38,34,5,
1425,2,29,24,71,4,
1426,1,41,8,66,1,1698
1427,1,3,16,67,3,
1427,2,14,26,14,2,
1427,3,46,27,64,2,
1428,1,26,48,75,5,
1428,2,14,26,14,2,
1429,1,20,28,21,4,1699
1429,2,45,31,68,4,1699
1430,1,10,29,49,2,1700
1430,2,14,26,14,1,1700
1431,1,36,49,12,1,1701
1431,2,11,30,69,3,1701
1431,3,30,37,34,3,1701
1432,1,19,14,34,3,1323
1432,2,35,7,18,4,1702
1433,1,20,28,21,2,1704
1433,2,10,29,49,4,1703
1434,1,37,29,51,4,
1435,1,29,24,71,2,1705
1435,2,7,19,16,5,1705
1436,1,25,9,8,4,
1436,2,16,13,09,3,
1436,3,14,26,14,4,
1437,1,3,16,67,3,
1438,1,11,30,69,4,1706
1438,2,29,24,71,4,1706
1439,1,46,27,64,4,1707
1439,2,9,21,16,3,1708
1440,1,7,19,16,2,1710
1440,2,15,13,97,4,1710
1440,3,22,39,78,5,1709
1441,1,6,38,28,2,
1441,2,33,37,3,
1442,1,14,26,14,5,
1442,2,37,29,51,5,
1443,1,33,37,4,1553
1443,2,18,24,46,3,1712
1444,1,10,29,49,4,1714
1444,2,38,22,98,2,1713
1445,1,21,38,34,3,1715
1445,2,32,5,65,4,1715
1446,1,29,24,71,3,1717
1446,2,23,10,33,3,1716
1447,1,42,10,11,4,1718
1448,1,2,29,55,2,1719
1449,1,32,5,65,5,
1449,2,42,10,11,4,
1449,3,18,24,46,3,
1450,1,4,44,17,3,1720
1451,1,10,29,49,5,
1451,2,35,7,18,4,
1452,1,4,44,17,5,
1452,2,14,26,14,1,
1453,1,29,24,71,4,1721
1454,1,25,9,8,4,
1455,1,45,31,68,3,1722
1455,2,23,10,33,3,1723
1456,1,46,27,64,2,1724
1456,2,43,16,64,5,1724
1457,1,33,37,4,1725
1458,1,2,29,55,2,
1458,2,15,13,97,2,
1458,3,29,24,71,5,
1459,1,21,38,34,4,1602
1459,2,29,24,71,5,1727
1460,1,46,39,16,4,
1461,1,30,37,34,1,1729
1461,2,24,48,39,2,1728
1462,1,27,39,91,4,1730
1463,1,44,39,32,3,1731
1463,2,35,7,18,2,1349
1464,1,21,38,34,4,
1464,2,38,22,98,2,
1465,1,32,5,65,4,
1465,2,23,10,33,3,
1466,1,12,10,48,2,
1466,2,15,13,97,5,
1466,3,40,34,06,2,
1467,1,44,39,32,4,
1467,2,26,48,75,2,
1468,1,2,29,55,3,1732
1468,2,45,31,68,4,1732
1469,1,18,24,46,1,1733
1469,2,33,37,4,1734
1470,1,33,37,1,
1471,1,14,26,14,2,
1471,2,6,38,28,3,
1472,1,33,37,4,
1472,2,34,23,32,4,
1473,1,41,8,66,3,1735
1473,2,3,16,67,3,1735
1473,3,10,29,49,4,1735
1474,1,36,49,12,4,
1474,2,33,37,4,
1475,1,34,23,32,2,
1475,2,46,27,64,5,
1476,1,20,28,21,2,1737
1477,1,40,34,06,4,1738
1477,2,32,5,65,3,1738
1477,3,7,19,16,4,1738
1478,1,37,29,51,2,1739
1478,2,21,38,34,2,1740
1479,1,32,5,65,5,
1479,2,31,28,59,3,
1480,1,42,10,11,4,1741
1480,2,11,30,69,4,1231
1481,1,6,38,28,5,
1482,1,46,39,16,3,1743
1482,2,10,29,49,3,1742
1483,1,46,39,16,5,
1483,2,23,10,33,3,
1483,3,14,26,14,1,
1484,1,21,38,34,5,1744
1485,1,13,12,64,4,1016
1485,2,20,28,21,3,1745
1486,1,44,39,32,3,
1486,2,36,49,12,2,
1486,3,14,26,14,5,
1487,1,23,10,33,4,1734
1487,2,27,39,91,2,1747
1488,1,13,12,64,3,
1488,2,23,10,33,2,
1489,1,13,12,64,2,1748
1489,2,14,26,14,5,1748
1490,1,19,14,34,5,
1490,2,39,11,2,
1491,1,12,10,48,2,1670
1492,1,38,22,98,3,
1492,2,27,39,91,2,
1493,1,28,10,24,2,
1493,2,39,11,5,
1494,1,12,10,48,2,
1494,2,23,10,33,3,
1495,1,44,39,32,4,
1495,2,27,39,91,2,
1495,3,46,39,16,2,
1496,1,46,27,64,4,
1496,2,5,43,71,5,
1497,1,45,31,68,1,1751
1497,2,4,44,17,2,1751
1497,3,20,28,21,2,1751
1498,1,16,13,09,2,
1498,2,5,43,71,4,
1499,1,5,43,71,4,1753
1499,2,37,29,51,5,1013
1500,1,41,8,66,3,1754
1500,2,26,48,75,2,1755
1501,1,28,10,24,5,1756
1501,2,45,31,68,3,1756
1502,1,46,27,64,3,1758
1502,2,26,48,75,3,1758
1503,1,9,21,16,3,1760
1503,2,4,44,17,3,1759
1504,1,43,16,64,5,
1504,2,37,29,51,1,
1505,1,25,9,8,3,1761
1505,2,35,7,18,2,1761
1506,1,22,39,78,5,
1507,1,16,13,09,1,1762
1507,2,36,49,12,2,1762
1508,1,38,22,98,3,1763
1508,2,46,27,64,4,1763
1509,1,44,39,32,5,1764
1509,2,5,43,71,4,1766
1509,3,26,48,75,3,1765
1510,1,7,19,16,4,1768
1510,2,17,39,89,3,1767
1511,1,37,29,51,4,
1511,2,18,24,46,4,
1512,1,14,26,14,3,
1512,2,38,22,98,2,
1512,3,10,29,49,3,
1513,1,36,49,12,2,1769
1513,2,5,43,71,1,1770
1513,3,44,39,32,4,1771
1514,1,9,21,16,4,1772
1515,1,42,10,11,3,1773
1515,2,35,7,18,2,1773
1516,1,32,5,65,1,1238
1516,2,18,24,46,2,1774
1516,3,13,12,64,3,1775
1517,1,42,10,11,4,1777
1517,2,9,21,16,4,1776
1518,1,36,49,12,3,1778
1518,2,46,27,64,4,1778
1519,1,7,19,16,2,1779
1520,1,13,12,64,4,1781
1520,2,46,27,64,4,1780
1520,3,33,37,1,1780
1521,1,44,39,32,4,1782
1521,2,37,29,51,4,1782
1521,3,14,26,14,3,1782
1522,1,9,21,16,2,1783
1523,1,9,21,16,5,
1524,1,15,13,97,2,1784
1524,2,16,13,09,3,1784
1525,1,40,34,06,3,1785
1525,2,17,39,89,4,1786
1526,1,32,5,65,4,1788
1526,2,44,39,32,1,1787
1527,1,38,22,98,4,1789
1527,2,30,37,34,3,1789
1528,1,20,28,21,5,
1529,1,27,39,91,2,
1530,1,42,10,11,4,
1531,1,12,10,48,5,
1531,2,2,29,55,4,
1532,1,46,27,64,2,
1532,2,15,13,97,1,
1532,3,17,39,89,2,
1533,1,7,19,16,2,
1534,1,38,22,98,4,
1534,2,3,16,67,4,
1535,1,42,10,11,3,1790
1536,1,4,44,17,1,1330
1537,1,44,39,32,3,1792
1537,2,7,19,16,5,1793
1537,3,17,39,89,1,1793
1538,1,13,12,64,4,1794
1538,2,12,10,48,2,1794
1539,1,15,13,97,2,1797
1539,2,29,24,71,4,1796
1540,1,12,10,48,5,1798
1541,1,27,39,91,4,1799
1541,2,43,16,64,5,1799
1542,1,30,37,34,2,
1542,2,40,34,06,5,
1542,3,41,8,66,1,
1543,1,21,38,34,1,1801
1543,2,26,48,75,3,1800
1543,3,11,30,69,4,1801
1544,1,24,48,39,1,
1544,2,19,14,34,2,
1545,1,13,12,64,3,1802
1545,2,19,14,34,3,1802
1546,1,30,37,34,4,1803
1546,2,28,10,24,2,1803
1547,1,18,24,46,2,
1547,2,5,43,71,3,
1548,1,10,29,49,4,1804
1549,1,14,26,14,2,1805
1549,2,43,16,64,4,1654
1550,1,42,10,11,5,
1550,2,40,34,06,2,
1551,1,10,29,49,4,
1551,2,32,5,65,5,
1551,3,17,39,89,2,
1552,1,34,23,32,2,
1553,1,44,39,32,4,
1553,2,33,37,3,
1554,1,12,10,48,2,1807
1554,2,20,28,21,1,1806
1555,1,17,39,89,2,
1555,2,34,23,32,2,
1556,1,44,39,32,4,
1556,2,40,34,06,5,
1556,3,9,21,16,1,
1557,1,8,19,58,3,
1557,2,40,34,06,3,
1558,1,46,27,64,2,1809
1558,2,22,39,78,5,1808
1559,1,8,19,58,3,
1559,2,15,13,97,4,
1560,1,8,19,58,5,1810
1560,2,21,38,34,1,1810
1561,1,43,16,64,1,
1561,2,7,19,16,3,
1562,1,29,24,71,5,1811
1562,2,15,13,97,3,1811
1563,1,46,27,64,5,
1564,1,23,10,33,3,1812
1564,2,5,43,71,4,1812
1565,1,20,28,21,5,1813
1565,2,9,21,16,3,1814
1565,3,5,43,71,3,1815
1566,1,3,16,67,4,
1566,2,13,12,64,3,
1567,1,27,39,91,3,
1568,1,15,13,97,2,1816
1568,2,40,34,06,4,1817
1569,1,37,29,51,5,
1569,2,17,39,89,4,
1570,1,16,13,09,3,
1571,1,20,28,21,1,1818
1572,1,8,19,58,2,1820
1572,2,37,29,51,5,1819
1573,1,33,37,3,
1573,2,4,44,17,3,
1574,1,19,14,34,4,
1575,1,38,22,98,2,1822
1575,2,23,10,33,3,547
1576,1,31,28,59,4,1824
1576,2,46,27,64,1,588
1576,3,40,34,06,3,1825
1577,1,34,23,32,3,1187
1577,2,23,10,33,5,1826
1578,1,25,9,8,2,824
1578,2,18,24,46,4,1828
1579,1,2,29,55,2,1829
1580,1,13,12,64,3,1830
1580,2,2,29,55,4,1830
1581,1,26,48,75,1,
1581,2,27,39,91,4,
1581,3,35,7,18,3,
1582,1,13,12,64,1,1831
1582,2,18,24,46,2,1831
1583,1,11,30,69,3,
1583,2,25,9,8,4,
1583,3,27,39,91,1,
1584,1,8,19,58,2,1834
1584,2,19,14,34,1,1833
1584,3,18,24,46,2,1833
1585,1,3,16,67,4,
1585,2,18,24,46,2,
1586,1,35,7,18,1,
1586,2,16,13,09,2,
1587,1,32,5,65,4,
1588,1,6,38,28,2,
1588,2,31,28,59,2,
1589,1,44,39,32,4,1369
1590,1,24,48,39,2,
1590,2,18,24,46,4,
1591,1,19,14,34,5,
1592,1,7,19,16,2,1836
1592,2,16,13,09,1,1836
1593,1,19,14,34,4,1837
1593,2,41,8,66,2,1837
1594,1,13,12,64,3,1838
1594,2,43,16,64,1,1838
1595,1,3,16,67,2,
1905,2,35,7,18,4,
1906,1,29,24,71,2,
1906,2,37,29,51,5,
1907,1,10,29,49,1,
1907,2,13,12,64,3,
1908,1,32,5,65,4,
1908,2,28,10,24,1,
1909,1,38,22,98,3,
1909,2,14,26,14,2,
1910,1,38,22,98,4,
1910,2,34,23,32,2,
1910,3,4,44,17,2,
1911,1,44,39,32,4,
1911,2,6,38,28,4,
1912,1,17,39,89,2,
1912,2,30,37,34,1,
1913,1,15,13,97,2,
1913,2,28,10,24,1,
1914,1,5,43,71,4,
1915,1,38,22,98,2,
1915,2,21,38,34,5,
1915,3,10,29,49,2,
1916,1,6,38,28,3,
1916,2,45,31,68,2,
1917,1,38,22,98,3,
1917,2,4,44,17,2,
1917,3,44,39,32,5,
1918,1,12,10,48,2,
1918,2,38,22,98,5,
1919,1,15,13,97,5,
1919,2,46,27,64,2,
1920,1,38,22,98,2,
1920,2,39,11,4,
1920,3,4,44,17,4,
1921,1,13,12,64,2,
1921,2,7,19,16,1,
1922,1,5,43,71,2,
1922,2,40,34,06,3,
1923,1,36,49,12,3,
1923,2,16,13,09,2,
1923,3,14,26,14,1,
1924,1,32,5,65,4,
1924,2,46,39,16,3,
1925,1,44,39,32,3,
1926,1,21,38,34,4,
1926,2,23,10,33,4,
1926,3,29,24,71,3,
1927,1,43,16,64,2,
1927,2,42,10,11,3,
1928,1,11,30,69,5,
1928,2,38,22,98,3,
1928,3,12,10,48,3,
1929,1,27,39,91,1,
1930,1,41,8,66,2,
1931,1,30,37,34,3,
1931,2,4,44,17,4,
1932,1,29,24,71,3,
1932,2,44,39,32,3,
1933,1,32,5,65,5,
1933,2,22,39,78,4,
1934,1,5,43,71,3,
1934,2,38,22,98,2,
1934,3,16,13,09,4,
1935,1,41,8,66,5,
1935,2,18,24,46,5,
1936,1,13,12,64,2,
1937,1,27,39,91,5,
1938,1,18,24,46,5,
1938,2,25,9,8,5,
1938,3,23,10,33,3,
1939,1,20,28,21,3,
1939,2,35,7,18,2,
1940,1,20,28,21,5,
1940,2,2,29,55,2,
1940,3,35,7,18,3,
1941,1,33,37,4,
1942,1,25,9,8,2,
1942,2,11,30,69,2,
1943,1,46,39,16,4,
1943,2,5,43,71,2,
1944,1,18,24,46,3,
1944,2,20,28,21,2,
1945,1,13,12,64,4,
1946,1,17,39,89,3,
1946,2,18,24,46,2,
1947,1,29,24,71,3,
1948,1,42,10,11,2,
1949,1,33,37,1,
1949,2,41,8,66,2,
1950,1,31,28,59,4,
1950,2,26,48,75,4,
