v,source,target,all,all_true,filtered,filtered_true
1,imdb,FORMULA,-0.029031786037492596,-0.17901299975847665,0.05102040816326526,
1,imdb,movielens,-0.008027329945951976,-0.8524339262464377,0.23214587863636757,-0.6582805886043834
1,imdb,sakila,0.09890268323255365,-0.35275258913333546,0.11867816581938526,
1,movielens,FORMULA,-0.06666509453784973,-0.22759574777964303,0.06853306737179639,
1,sakila,FORMULA,0.20193252364965072,-0.04716412460576165,0.5042194840896108,
1,sakila,movielens,0.06080937980009205,-0.3907875792891797,0.07880492246680551,
2,imdb,FORMULA,-0.029031786037492596,-0.17901299975847665,0.05102040816326526,
2,imdb,movielens,-0.008027329945951976,-0.8524339262464377,0.23214587863636757,-0.6582805886043834
2,imdb,sakila,0.09890268323255365,-0.35275258913333546,0.11867816581938526,
2,movielens,FORMULA,-0.06666509453784973,-0.22759574777964303,0.06853306737179639,
2,sakila,FORMULA,0.20193252364965072,-0.04716412460576165,0.5042194840896108,
2,sakila,movielens,0.06080937980009205,-0.3907875792891797,0.07880492246680551,
3,imdb,FORMULA,-0.029031786037492596,-0.17901299975847665,0.05102040816326526,
3,imdb,movielens,-0.008027329945951976,-0.8524339262464377,0.23214587863636757,-0.6582805886043834
3,imdb,sakila,0.09890268323255365,-0.35275258913333546,0.11867816581938526,
3,movielens,FORMULA,-0.06666509453784973,-0.22759574777964303,0.06853306737179639,
3,sakila,FORMULA,0.20193252364965072,-0.04716412460576165,0.5042194840896108,
3,sakila,movielens,0.06080937980009205,-0.3907875792891797,0.07880492246680551,
4,imdb,FORMULA,-0.029031786037492596,-0.17901299975847665,0.05102040816326526,
4,imdb,movielens,-0.008027329945951976,-0.8524339262464377,0.23214587863636757,-0.6582805886043834
4,imdb,sakila,0.09890268323255365,-0.35275258913333546,0.11867816581938526,
4,movielens,FORMULA,-0.06666509453784973,-0.22759574777964303,0.06853306737179639,
4,sakila,FORMULA,0.20193252364965072,-0.04716412460576165,0.5042194840896108,
4,sakila,movielens,0.06080937980009205,-0.3907875792891797,0.07880492246680551,
5,imdb,FORMULA,-0.029031786037492596,-0.17901299975847665,0.05102040816326526,
5,imdb,movielens,-0.008027329945951976,-0.8524339262464377,0.23214587863636757,-0.6582805886043834
5,imdb,sakila,0.09890268323255365,-0.35275258913333546,0.11867816581938526,
5,movielens,FORMULA,-0.06666509453784973,-0.22759574777964303,0.06853306737179639,
5,sakila,FORMULA,0.20193252364965072,-0.04716412460576165,0.5042194840896108,
5,sakila,movielens,0.06080937980009205,-0.3907875792891797,0.07880492246680551,
6,imdb,FORMULA,-0.029031786037492596,-0.17901299975847665,0.05102040816326526,
6,imdb,movielens,-0.008027329945951976,-0.8524339262464377,0.23214587863636757,-0.6582805886043834
6,imdb,sakila,0.09890268323255365,-0.35275258913333546,0.11867816581938526,
6,movielens,FORMULA,-0.06666509453784973,-0.22759574777964303,0.06853306737179639,
6,sakila,FORMULA,0.20193252364965072,-0.04716412460576165,0.5042194840896108,
6,sakila,movielens,0.06080937980009205,-0.3907875792891797,0.07880492246680551,
7,imdb,FORMULA,-0.029031786037492596,-0.17901299975847665,0.05102040816326526,
7,imdb,movielens,-0.008027329945951976,-0.8524339262464377,0.23214587863636757,-0.6582805886043834
7,imdb,sakila,0.09890268323255365,-0.35275258913333546,0.11867816581938526,
7,movielens,FORMULA,-0.06666509453784973,-0.22759574777964303,0.06853306737179639,
7,sakila,FORMULA,0.20193252364965072,-0.04716412460576165,0.5042194840896108,
7,sakila,movielens,0.06080937980009205,-0.3907875792891797,0.07880492246680551,
8,imdb,FORMULA,-0.029031786037492596,-0.17901299975847665,0.05102040816326526,
8,imdb,movielens,-0.008027329945951976,-0.8524339262464377,0.23214587863636757,-0.6582805886043834
8,imdb,sakila,0.09890268323255365,-0.35275258913333546,0.11867816581938526,
8,movielens,FORMULA,-0.06666509453784973,-0.22759574777964303,0.06853306737179639,
8,sakila,FORMULA,0.20193252364965072,-0.04716412460576165,0.5042194840896108,
8,sakila,movielens,0.06080937980009205,-0.3907875792891797,0.07880492246680551,
9,imdb,FORMULA,-0.029031786037492596,-0.17901299975847665,0.05102040816326526,
9,imdb,movielens,-0.008027329945951976,-0.8524339262464377,0.23214587863636757,-0.6582805886043834
9,imdb,sakila,0.09890268323255365,-0.35275258913333546,0.11867816581938526,
9,movielens,FORMULA,-0.06666509453784973,-0.22759574777964303,0.06853306737179639,
9,sakila,FORMULA,0.20193252364965072,-0.04716412460576165,0.5042194840896108,
9,sakila,movielens,0.06080937980009205,-0.3907875792891797,0.07880492246680551,
10,imdb,FORMULA,-0.029031786037492596,-0.17901299975847665,0.05102040816326526,
10,imdb,movielens,-0.008027329945951976,-0.8524339262464377,0.23214587863636757,-0.6582805886043834
10,imdb,sakila,0.09890268323255365,-0.35275258913333546,0.11867816581938526,
10,movielens,FORMULA,-0.06666509453784973,-0.22759574777964303,0.06853306737179639,
10,sakila,FORMULA,0.20193252364965072,-0.04716412460576165,0.5042194840896108,
10,sakila,movielens,0.06080937980009205,-0.3907875792891797,0.07880492246680551,
11,imdb,FORMULA,-0.029031786037492596,-0.17901299975847665,0.05102040816326526,
11,imdb,movielens,-0.008027329945951976,-0.8524339262464377,0.23214587863636757,-0.6582805886043834
11,imdb,sakila,0.09890268323255365,-0.35275258913333546,0.11867816581938526,
11,movielens,FORMULA,-0.06666509453784973,-0.22759574777964303,0.06853306737179639,
11,sakila,FORMULA,0.20193252364965072,-0.04716412460576165,0.5042194840896108,
11,sakila,movielens,0.06080937980009205,-0.3907875792891797,0.07880492246680551,
12,imdb,FORMULA,-0.029031786037492596,-0.17901299975847665,0.05102040816326526,
12,imdb,movielens,-0.008027329945951976,-0.8524339262464377,0.23214587863636757,-0.6582805886043834
12,imdb,sakila,0.09890268323255365,-0.35275258913333546,0.11867816581938526,
12,movielens,FORMULA,-0.06666509453784973,-0.22759574777964303,0.06853306737179639,
12,sakila,FORMULA,0.20193252364965072,-0.04716412460576165,0.5042194840896108,
12,sakila,movielens,0.06080937980009205,-0.3907875792891797,0.07880492246680551,
13,imdb,FORMULA,-0.029031786037492596,-0.17901299975847665,0.05102040816326526,
13,imdb,movielens,-0.008027329945951976,-0.8524339262464377,0.23214587863636757,-0.6582805886043834
13,imdb,sakila,0.09890268323255365,-0.35275258913333546,0.11867816581938526,
13,movielens,FORMULA,-0.06666509453784973,-0.22759574777964303,0.06853306737179639,
13,sakila,FORMULA,0.20193252364965072,-0.04716412460576165,0.5042194840896108,
13,sakila,movielens,0.06080937980009205,-0.3907875792891797,0.07880492246680551,
14,imdb,FORMULA,-0.0346823765439116,-0.18578192961947146,0.03178529710642744,
14,imdb,movielens,-0.05564148840746567,-0.8993461677306268,0.1633683791263303,-0.6831300510639733
14,imdb,sakila,-0.10785083345979425,-0.6408699444616552,0.12411641700477168,
14,movielens,FORMULA,-0.06666509453784973,-0.22759574777964303,0.06853306737179639,
14,sakila,FORMULA,0.1377538515801128,-0.06364882330325644,0.21272410993223645,-0.10629880069054676
14,sakila,movielens,0.19320976322124772,-0.3122162577391486,0.011949770616920537,-0.7025001733142089
15,imdb,FORMULA,-0.0346823765439116,-0.18578192961947146,0.03178529710642744,
15,imdb,movielens,-0.05564148840746567,-0.8993461677306268,0.1633683791263303,-0.6831300510639733
15,imdb,sakila,-0.10785083345979425,-0.6408699444616552,0.12411641700477168,
15,movielens,FORMULA,-0.06666509453784973,-0.22759574777964303,0.06853306737179639,
15,sakila,FORMULA,0.1377538515801128,-0.06364882330325644,0.21272410993223645,-0.10629880069054676
15,sakila,movielens,0.19320976322124772,-0.3122162577391486,0.011949770616920537,-0.7025001733142089
16,imdb,FORMULA,-0.0346823765439116,-0.18578192961947146,0.03178529710642744,
16,imdb,movielens,-0.05564148840746567,-0.8993461677306268,0.1633683791263303,-0.6831300510639733
16,imdb,sakila,-0.10785083345979425,-0.6408699444616552,0.12411641700477168,
16,movielens,FORMULA,-0.06666509453784973,-0.22759574777964303,0.06853306737179639,
16,sakila,FORMULA,0.1377538515801128,-0.06364882330325644,0.21272410993223645,-0.10629880069054676
16,sakila,movielens,0.19320976322124772,-0.3122162577391486,0.011949770616920537,-0.7025001733142089
17,imdb,FORMULA,-0.0346823765439116,-0.18578192961947146,0.03178529710642744,
17,imdb,movielens,-0.05564148840746567,-0.8993461677306268,0.1633683791263303,-0.6831300510639733
17,imdb,sakila,-0.10785083345979425,-0.6408699444616552,0.12411641700477168,
17,movielens,FORMULA,-0.06666509453784973,-0.22759574777964303,0.06853306737179639,
17,sakila,FORMULA,0.1377538515801128,-0.06364882330325644,0.21272410993223645,-0.10629880069054676
17,sakila,movielens,0.19320976322124772,-0.3122162577391486,0.011949770616920537,-0.7025001733142089
18,imdb,FORMULA,-0.0346823765439116,-0.18578192961947146,0.03178529710642744,
18,imdb,movielens,-0.05564148840746567,-0.8993461677306268,0.1633683791263303,-0.6831300510639733
18,imdb,sakila,-0.10785083345979425,-0.6408699444616552,0.12411641700477168,
18,movielens,FORMULA,-0.06666509453784973,-0.22759574777964303,0.06853306737179639,
18,sakila,FORMULA,0.1377538515801128,-0.06364882330325644,0.21272410993223645,-0.10629880069054676
18,sakila,movielens,0.19320976322124772,-0.3122162577391486,0.011949770616920537,-0.7025001733142089
19,imdb,FORMULA,-0.0346823765439116,-0.18578192961947146,0.03178529710642744,
19,imdb,movielens,-0.05564148840746567,-0.8993461677306268,0.1633683791263303,-0.6831300510639733
19,imdb,sakila,-0.10785083345979425,-0.6408699444616552,0.12411641700477168,
19,movielens,FORMULA,-0.06666509453784973,-0.22759574777964303,0.06853306737179639,
19,sakila,FORMULA,0.1377538515801128,-0.06364882330325644,0.21272410993223645,-0.10629880069054676
19,sakila,movielens,0.19320976322124772,-0.3122162577391486,0.011949770616920537,-0.7025001733142089
20,imdb,FORMULA,-0.0346823765439116,-0.18578192961947146,0.03178529710642744,
20,imdb,movielens,-0.05564148840746567,-0.8993461677306268,0.1633683791263303,-0.6831300510639733
20,imdb,sakila,-0.10785083345979425,-0.6408699444616552,0.12411641700477168,
20,movielens,FORMULA,-0.06666509453784973,-0.22759574777964303,0.06853306737179639,
20,sakila,FORMULA,0.1377538515801128,-0.06364882330325644,0.21272410993223645,-0.10629880069054676
20,sakila,movielens,0.19320976322124772,-0.3122162577391486,0.011949770616920537,-0.7025001733142089
21,imdb,FORMULA,-0.0346823765439116,-0.18578192961947146,0.03178529710642744,
21,imdb,movielens,-0.05564148840746567,-0.8993461677306268,0.1633683791263303,-0.6831300510639733
21,imdb,sakila,-0.10785083345979425,-0.6408699444616552,0.12411641700477168,
21,movielens,FORMULA,-0.06666509453784973,-0.22759574777964303,0.06853306737179639,
21,sakila,FORMULA,0.1377538515801128,-0.06364882330325644,0.21272410993223645,-0.10629880069054676
21,sakila,movielens,0.19320976322124772,-0.3122162577391486,0.011949770616920537,-0.7025001733142089
22,imdb,FORMULA,-0.0346823765439116,-0.18578192961947146,0.03178529710642744,
22,imdb,movielens,-0.05564148840746567,-0.8993461677306268,0.1633683791263303,-0.6831300510639733
22,imdb,sakila,-0.10785083345979425,-0.6408699444616552,0.12411641700477168,
22,movielens,FORMULA,-0.06666509453784973,-0.22759574777964303,0.06853306737179639,
22,sakila,FORMULA,0.1377538515801128,-0.06364882330325644,0.21272410993223645,-0.10629880069054676
22,sakila,movielens,0.19320976322124772,-0.3122162577391486,0.011949770616920537,-0.7025001733142089
23,imdb,FORMULA,-0.0346823765439116,-0.18578192961947146,0.03178529710642744,
23,imdb,movielens,-0.05564148840746567,-0.8993461677306268,0.1633683791263303,-0.6831300510639733
23,imdb,sakila,-0.10785083345979425,-0.6408699444616552,0.12411641700477168,
23,movielens,FORMULA,-0.06666509453784973,-0.22759574777964303,0.06853306737179639,
23,sakila,FORMULA,0.1377538515801128,-0.06364882330325644,0.21272410993223645,-0.10629880069054676
23,sakila,movielens,0.19320976322124772,-0.3122162577391486,0.011949770616920537,-0.7025001733142089
24,imdb,FORMULA,-0.03334974939950052,-0.2276094981546043,0.043542327387020685,
24,imdb,movielens,-0.1076738328219782,-0.9686939947968892,-0.01803339269334863,-1.0
24,imdb,sakila,-0.10785083345979425,-0.6408699444616552,0.12411641700477168,
24,movielens,FORMULA,-0.11347345021122711,-0.33914452878801415,0.06059413849310846,
24,sakila,FORMULA,0.0796271895243033,-0.11069873381687044,0.19552620509055416,-0.14972359198236382
24,sakila,movielens,0.1543644481034538,-0.33166247903554025,,
25,imdb,FORMULA,-0.02634256417323097,-0.21928902420115184,0.05359422007578728,
25,imdb,movielens,-0.047534939727158596,-0.9074852129730302,-0.022139080213066507,-1.0
25,imdb,sakila,-0.10343003901466155,-0.6308590914596617,0.14871200266720327,-0.3931785497463924
25,movielens,FORMULA,-0.11347345021122711,-0.33914452878801415,0.06059413849310846,
25,sakila,FORMULA,0.0796271895243033,-0.11069873381687044,0.19552620509055416,-0.14972359198236382
25,sakila,movielens,0.1543644481034538,-0.33166247903554025,,
26,imdb,FORMULA,-0.02634256417323097,-0.21928902420115184,0.05359422007578728,
26,imdb,movielens,-0.047534939727158596,-0.9074852129730302,-0.022139080213066507,-1.0
26,imdb,sakila,-0.10343003901466155,-0.6308590914596617,0.14871200266720327,-0.3931785497463924
26,movielens,FORMULA,-0.11347345021122711,-0.33914452878801415,0.06059413849310846,
26,sakila,FORMULA,0.0796271895243033,-0.11069873381687044,0.19552620509055416,-0.14972359198236382
26,sakila,movielens,0.1543644481034538,-0.33166247903554025,,
27,imdb,FORMULA,-0.02634256417323097,-0.21928902420115184,0.05359422007578728,
27,imdb,movielens,-0.047534939727158596,-0.9074852129730302,-0.022139080213066507,-1.0
27,imdb,sakila,-0.17890685314023433,-0.7913732123695375,0.26443152563003186,-0.38118124993124386
27,movielens,FORMULA,-0.11347345021122711,-0.33914452878801415,0.06059413849310846,
27,sakila,FORMULA,0.009052727975711413,-0.1527359901395085,0.06463056119412366,-0.22620696417943204
27,sakila,movielens,0.2427958445025714,-0.32444284226152514,,
28,imdb,FORMULA,-0.02634256417323097,-0.21928902420115184,0.05359422007578728,
28,imdb,movielens,-0.047534939727158596,-0.9074852129730302,-0.022139080213066507,-1.0
28,imdb,sakila,-0.17890685314023433,-0.7913732123695375,0.26443152563003186,-0.38118124993124386
28,movielens,FORMULA,-0.11347345021122711,-0.33914452878801415,0.06059413849310846,
28,sakila,FORMULA,0.009052727975711413,-0.1527359901395085,0.06463056119412366,-0.22620696417943204
28,sakila,movielens,0.2427958445025714,-0.32444284226152514,,
29,imdb,FORMULA,-0.02634256417323097,-0.21928902420115184,0.05359422007578728,
29,imdb,movielens,-0.047534939727158596,-0.9074852129730302,-0.022139080213066507,-1.0
29,imdb,sakila,-0.17890685314023433,-0.7913732123695375,0.26443152563003186,-0.38118124993124386
29,movielens,FORMULA,-0.11347345021122711,-0.33914452878801415,0.06059413849310846,
29,sakila,FORMULA,0.009052727975711413,-0.1527359901395085,0.06463056119412366,-0.22620696417943204
29,sakila,movielens,0.2427958445025714,-0.32444284226152514,,
30,imdb,FORMULA,-0.02634256417323097,-0.21928902420115184,0.05359422007578728,
30,imdb,movielens,-0.047534939727158596,-0.9074852129730302,-0.022139080213066507,-1.0
30,imdb,sakila,-0.17890685314023433,-0.7913732123695375,0.26443152563003186,-0.38118124993124386
30,movielens,FORMULA,-0.11347345021122711,-0.33914452878801415,0.06059413849310846,
30,sakila,FORMULA,0.009052727975711413,-0.1527359901395085,0.06463056119412366,-0.22620696417943204
30,sakila,movielens,0.2427958445025714,-0.32444284226152514,,
31,imdb,FORMULA,-0.02634256417323097,-0.21928902420115184,0.05359422007578728,
31,imdb,movielens,-0.047534939727158596,-0.9074852129730302,-0.022139080213066507,-1.0
31,imdb,sakila,-0.17890685314023433,-0.7913732123695375,0.26443152563003186,-0.38118124993124386
31,movielens,FORMULA,-0.11347345021122711,-0.33914452878801415,0.06059413849310846,
31,sakila,FORMULA,0.009052727975711413,-0.1527359901395085,0.06463056119412366,-0.22620696417943204
31,sakila,movielens,0.2427958445025714,-0.32444284226152514,,
32,imdb,FORMULA,0.0123287786909207,-0.2188141150910172,0.06869571401183269,
32,imdb,movielens,-0.047534939727158596,-0.9074852129730302,-0.022139080213066507,-1.0
32,imdb,sakila,-0.17890685314023433,-0.7913732123695375,0.26443152563003186,-0.38118124993124386
32,movielens,FORMULA,-0.17887775702555153,-0.4393073594561686,0.0719356044166983,
32,sakila,FORMULA,-0.038944052376937745,-0.19834954601036547,0.034815531191139795,-0.2779797245712846
32,sakila,movielens,0.2427958445025714,-0.32444284226152514,,
33,imdb,FORMULA,0.0123287786909207,-0.2188141150910172,0.06869571401183269,
33,imdb,movielens,-0.047534939727158596,-0.9074852129730302,-0.022139080213066507,-1.0
33,imdb,sakila,-0.17890685314023433,-0.7913732123695375,0.26443152563003186,-0.38118124993124386
33,movielens,FORMULA,-0.17887775702555153,-0.4393073594561686,0.0719356044166983,
33,sakila,FORMULA,-0.038944052376937745,-0.19834954601036547,0.034815531191139795,-0.2779797245712846
33,sakila,movielens,0.2427958445025714,-0.32444284226152514,,
34,imdb,FORMULA,0.0123287786909207,-0.2188141150910172,0.06869571401183269,
34,imdb,movielens,-0.047534939727158596,-0.9074852129730302,-0.022139080213066507,-1.0
34,imdb,sakila,-0.17890685314023433,-0.7913732123695375,0.26443152563003186,-0.38118124993124386
34,movielens,FORMULA,-0.17887775702555153,-0.4393073594561686,0.0719356044166983,
34,sakila,FORMULA,-0.038944052376937745,-0.19834954601036547,0.034815531191139795,-0.2779797245712846
34,sakila,movielens,0.2427958445025714,-0.32444284226152514,,
35,imdb,FORMULA,0.014684256735018041,-0.2161833515853705,0.07972259246255217,
35,imdb,movielens,-0.05004004806408971,-0.9080304129098491,-0.025625386099685857,-1.0
35,imdb,sakila,-0.20578539139120985,-0.8695078815306712,0.3548259921350144,-0.5048781642974014
35,movielens,FORMULA,-0.17887775702555153,-0.4393073594561686,0.0719356044166983,
35,sakila,FORMULA,-0.034824774242706136,-0.21804866346355598,0.09251592724764177,-0.2452342964184661
35,sakila,movielens,0.1819448373291777,-0.5315446195190792,,
36,imdb,FORMULA,0.014684256735018041,-0.2161833515853705,0.07972259246255217,
36,imdb,movielens,-0.05004004806408971,-0.9080304129098491,-0.025625386099685857,-1.0
36,imdb,sakila,-0.20578539139120985,-0.8695078815306712,0.3548259921350144,-0.5048781642974014
36,movielens,FORMULA,-0.17887775702555153,-0.4393073594561686,0.0719356044166983,
36,sakila,FORMULA,-0.034824774242706136,-0.21804866346355598,0.09251592724764177,-0.2452342964184661
36,sakila,movielens,0.1819448373291777,-0.5315446195190792,,
37,imdb,FORMULA,0.014684256735018041,-0.2161833515853705,0.07972259246255217,
37,imdb,movielens,-0.05004004806408971,-0.9080304129098491,-0.025625386099685857,-1.0
37,imdb,sakila,-0.20578539139120985,-0.8695078815306712,0.3548259921350144,-0.5048781642974014
37,movielens,FORMULA,-0.17887775702555153,-0.4393073594561686,0.0719356044166983,
37,sakila,FORMULA,-0.034824774242706136,-0.21804866346355598,0.09251592724764177,-0.2452342964184661
37,sakila,movielens,0.1819448373291777,-0.5315446195190792,,
38,imdb,FORMULA,0.007819662394926817,-0.21628117527317844,0.07639462788359211,
38,imdb,movielens,-0.05004004806408971,-0.9080304129098491,-0.025625386099685857,-1.0
38,imdb,sakila,-0.20578539139120985,-0.8695078815306712,0.3548259921350144,-0.5048781642974014
38,movielens,FORMULA,-0.13487423848855243,-0.392169164770324,0.0719356044166983,
38,sakila,FORMULA,-0.047574400018247885,-0.21830212798869078,0.07339461896251298,-0.24584458594722075
38,sakila,movielens,0.1819448373291777,-0.5315446195190792,,
39,imdb,FORMULA,0.007819662394926817,-0.21628117527317844,0.07639462788359211,
39,imdb,movielens,-0.05004004806408971,-0.9080304129098491,-0.025625386099685857,-1.0
39,imdb,sakila,-0.20578539139120985,-0.8695078815306712,0.3548259921350144,-0.5048781642974014
39,movielens,FORMULA,-0.13487423848855243,-0.392169164770324,0.0719356044166983,
39,sakila,FORMULA,-0.047574400018247885,-0.21830212798869078,0.07339461896251298,-0.24584458594722075
39,sakila,movielens,0.1819448373291777,-0.5315446195190792,,
40,imdb,FORMULA,0.007819662394926817,-0.21628117527317844,0.07639462788359211,
40,imdb,movielens,-0.05004004806408971,-0.9080304129098491,-0.025625386099685857,-1.0
40,imdb,sakila,-0.20578539139120985,-0.8695078815306712,0.3548259921350144,-0.5048781642974014
40,movielens,FORMULA,-0.13487423848855243,-0.392169164770324,0.0719356044166983,
40,sakila,FORMULA,-0.047574400018247885,-0.21830212798869078,0.07339461896251298,-0.24584458594722075
40,sakila,movielens,0.1819448373291777,-0.5315446195190792,,
41,imdb,FORMULA,0.007819662394926817,-0.21628117527317844,0.07639462788359211,
41,imdb,movielens,-0.014684256735019167,-0.8861469461982081,-0.009546784086892815,-1.0000000000000002
41,imdb,sakila,-0.20578539139120985,-0.8695078815306712,0.3548259921350144,-0.5048781642974014
41,movielens,FORMULA,-0.17647469626272236,-0.45848687027025115,0.026554250227189727,
41,sakila,FORMULA,-0.047574400018247885,-0.21830212798869078,0.07339461896251298,-0.24584458594722075
41,sakila,movielens,0.0952753257583448,-0.6341264874742278,,
42,imdb,FORMULA,-0.001728696931586366,-0.22724640072161173,0.05348164197743804,
42,imdb,movielens,-0.04376434634253378,-0.9229582069908973,-0.004739336492890996,-1.0
42,imdb,sakila,-0.23077883472281382,-0.8937583635108983,0.23072202163693262,-0.5461186812727502
42,movielens,FORMULA,-0.17647469626272236,-0.45848687027025115,0.026554250227189727,
42,sakila,FORMULA,-0.04162000025588778,-0.2132464430513336,0.0975900072948535,-0.22360679774997894
42,sakila,movielens,0.11896248134857229,-0.5909990147123313,,
43,imdb,FORMULA,-0.001728696931586366,-0.22724640072161173,0.05348164197743804,
43,imdb,movielens,-0.04376434634253378,-0.9229582069908973,-0.004739336492890996,-1.0
43,imdb,sakila,-0.23077883472281382,-0.8937583635108983,0.23072202163693262,-0.5461186812727502
43,movielens,FORMULA,-0.17647469626272236,-0.45848687027025115,0.026554250227189727,
43,sakila,FORMULA,-0.04162000025588778,-0.2132464430513336,0.0975900072948535,-0.22360679774997894
43,sakila,movielens,0.11896248134857229,-0.5909990147123313,,
44,imdb,FORMULA,0.023512820333498823,-0.22687130324325905,0.06034685977491548,
44,imdb,movielens,-0.04376434634253378,-0.9229582069908973,-0.004739336492890996,-1.0
44,imdb,sakila,-0.23077883472281382,-0.8937583635108983,0.23072202163693262,-0.5461186812727502
44,movielens,FORMULA,-0.2562742733077268,-0.5636018619766345,0.02911112548697912,
44,sakila,FORMULA,-0.04991359451228876,-0.23876345696219387,0.05652281425898542,-0.3172206342872576
44,sakila,movielens,0.11896248134857229,-0.5909990147123313,,
45,imdb,FORMULA,0.023512820333498823,-0.22687130324325905,0.06034685977491548,
45,imdb,movielens,-0.04376434634253378,-0.9229582069908973,-0.004739336492890996,-1.0
45,imdb,sakila,-0.23077883472281382,-0.8937583635108983,0.23072202163693262,-0.5461186812727502
45,movielens,FORMULA,-0.2562742733077268,-0.5636018619766345,0.02911112548697912,
45,sakila,FORMULA,-0.04991359451228876,-0.23876345696219387,0.05652281425898542,-0.3172206342872576
45,sakila,movielens,0.11896248134857229,-0.5909990147123313,,
46,imdb,FORMULA,0.023512820333498823,-0.22687130324325905,0.06034685977491548,
46,imdb,movielens,-0.04376434634253378,-0.9229582069908973,-0.004739336492890996,-1.0
46,imdb,sakila,-0.23077883472281382,-0.8937583635108983,0.23072202163693262,-0.5461186812727502
46,movielens,FORMULA,-0.2562742733077268,-0.5636018619766345,0.02911112548697912,
46,sakila,FORMULA,-0.04991359451228876,-0.23876345696219387,0.05652281425898542,-0.3172206342872576
46,sakila,movielens,0.11896248134857229,-0.5909990147123313,,
47,imdb,FORMULA,0.023512820333498823,-0.22687130324325905,0.06034685977491548,
47,imdb,movielens,-0.04376434634253378,-0.9229582069908973,-0.004739336492890996,-1.0
47,imdb,sakila,-0.19389168358237024,-0.8501917942185291,0.20213598763914825,-0.5516772843673704
47,movielens,FORMULA,-0.2562742733077268,-0.5636018619766345,0.02911112548697912,
47,sakila,FORMULA,-0.03464794643376145,-0.22616563651595042,0.10075082109940633,-0.2785105638425725
47,sakila,movielens,0.104176356138495,-0.5930352613934846,,
48,imdb,FORMULA,0.012499999999999694,-0.23294400101461385,0.04246198368656556,
48,imdb,movielens,-0.07874992309581594,-0.9612039551927885,,
48,imdb,sakila,-0.20048550307445975,-0.8610452170382801,0.19192641504563815,
48,movielens,FORMULA,-0.26578099044837833,-0.5636562191028618,0.027851299670606997,
48,sakila,FORMULA,-0.047245559126153594,-0.2264746362610288,0.07776627474173506,-0.2796234976026203
48,sakila,movielens,0.104176356138495,-0.5930352613934846,,
49,imdb,FORMULA,0.012499999999999694,-0.23294400101461385,0.04246198368656556,
49,imdb,movielens,-0.07874992309581594,-0.9612039551927885,,
49,imdb,sakila,-0.20048550307445975,-0.8610452170382801,0.19192641504563815,
49,movielens,FORMULA,-0.26578099044837833,-0.5636562191028618,0.027851299670606997,
49,sakila,FORMULA,-0.047245559126153594,-0.2264746362610288,0.07776627474173506,-0.2796234976026203
49,sakila,movielens,0.104176356138495,-0.5930352613934846,,
50,imdb,FORMULA,0.012499999999999694,-0.23294400101461385,0.04246198368656556,
50,imdb,movielens,-0.07874992309581594,-0.9612039551927885,,
50,imdb,sakila,-0.20048550307445975,-0.8610452170382801,0.19192641504563815,
50,movielens,FORMULA,-0.26578099044837833,-0.5636562191028618,0.027851299670606997,
50,sakila,FORMULA,-0.047245559126153594,-0.2264746362610288,0.07776627474173506,-0.2796234976026203
50,sakila,movielens,0.104176356138495,-0.5930352613934846,,
51,imdb,FORMULA,0.012499999999999694,-0.23294400101461385,0.04246198368656556,
51,imdb,movielens,-0.07874992309581594,-0.9612039551927885,,
51,imdb,sakila,-0.20048550307445975,-0.8610452170382801,0.19192641504563815,
51,movielens,FORMULA,-0.26578099044837833,-0.5636562191028618,0.027851299670606997,
51,sakila,FORMULA,-0.047245559126153594,-0.2264746362610288,0.07776627474173506,-0.2796234976026203
51,sakila,movielens,0.104176356138495,-0.5930352613934846,,
52,imdb,FORMULA,0.012499999999999694,-0.23294400101461385,0.04246198368656556,
52,imdb,movielens,-0.07874992309581594,-0.9612039551927885,,
52,imdb,sakila,-0.2533798243502744,-0.9360303588423676,0.2774303382699748,
52,movielens,FORMULA,-0.26578099044837833,-0.5636562191028618,0.027851299670606997,
52,sakila,FORMULA,-0.053209763113558,-0.24279387067297245,0.08198354140267254,-0.2721655269759086
52,sakila,movielens,0.07781920255830026,-0.6741998624632423,,
53,imdb,FORMULA,-0.05500190982169269,-0.3020249928965902,0.040879371260483126,
53,imdb,movielens,-0.07874992309581594,-0.9612039551927885,,
53,imdb,sakila,-0.2533798243502744,-0.9360303588423676,0.2774303382699748,
53,movielens,FORMULA,-0.2009286555980766,-0.5134360308102696,0.03033887068256215,
53,sakila,FORMULA,-0.041809122748650285,-0.24253562503633355,0.09777015437392804,-0.2715813547484405
53,sakila,movielens,0.07781920255830026,-0.6741998624632423,,
54,imdb,FORMULA,-0.05500190982169269,-0.3020249928965902,0.040879371260483126,
54,imdb,movielens,-0.07874992309581594,-0.9612039551927885,,
54,imdb,sakila,-0.2736502102982964,-0.9520797566263037,-0.025031308716087813,-1.0000000000000002
54,movielens,FORMULA,-0.2009286555980766,-0.5134360308102696,0.03033887068256215,
54,sakila,FORMULA,-0.041809122748650285,-0.24253562503633355,0.09777015437392804,-0.2715813547484405
54,sakila,movielens,0.07781920255830026,-0.6741998624632423,,
55,imdb,FORMULA,-0.05500190982169269,-0.3020249928965902,0.040879371260483126,
55,imdb,movielens,-0.07874992309581594,-0.9612039551927885,,
55,imdb,sakila,-0.2736502102982964,-0.9520797566263037,-0.025031308716087813,-1.0000000000000002
55,movielens,FORMULA,-0.2009286555980766,-0.5134360308102696,0.03033887068256215,
55,sakila,FORMULA,-0.041809122748650285,-0.24253562503633355,0.09777015437392804,-0.2715813547484405
55,sakila,movielens,0.07781920255830026,-0.6741998624632423,,
56,imdb,FORMULA,-0.1321014336623661,-0.4078528576941801,0.045564509955381347,
56,imdb,movielens,-0.07874992309581594,-0.9612039551927885,,
56,imdb,sakila,-0.2736502102982964,-0.9520797566263037,-0.025031308716087813,-1.0000000000000002
56,movielens,FORMULA,-0.19661627931923378,-0.5631509578696706,0.0383214231015951,
56,sakila,FORMULA,-0.014727608745427712,-0.26744151933050503,0.18021770067586598,-0.267519590200791
56,sakila,movielens,0.07781920255830026,-0.6741998624632423,,
57,imdb,FORMULA,-0.1321014336623661,-0.4078528576941801,0.045564509955381347,
57,imdb,movielens,-0.07874992309581594,-0.9612039551927885,,
57,imdb,sakila,-0.3061862178478969,-0.9839058146865036,-0.022680460581325612,-1.0000000000000002
57,movielens,FORMULA,-0.19661627931923378,-0.5631509578696706,0.0383214231015951,
57,sakila,FORMULA,-0.04745856232522843,-0.28721051259052155,0.14151876095469798,-0.3036421933135835
57,sakila,movielens,0.08439249387982216,-0.6731456008918131,,
58,imdb,FORMULA,-0.1321014336623661,-0.4078528576941801,0.045564509955381347,
58,imdb,movielens,-0.07874992309581594,-0.9612039551927885,,
58,imdb,sakila,-0.3061862178478969,-0.9839058146865036,-0.022680460581325612,-1.0000000000000002
58,movielens,FORMULA,-0.19661627931923378,-0.5631509578696706,0.0383214231015951,
58,sakila,FORMULA,-0.04745856232522843,-0.28721051259052155,0.14151876095469798,-0.3036421933135835
58,sakila,movielens,0.08439249387982216,-0.6731456008918131,,
59,imdb,FORMULA,-0.16861774263845264,-0.436730172262946,,
59,imdb,movielens,-0.11658070210239795,-1.0,,
59,imdb,sakila,-0.30173593208505917,-0.9836628449792096,,
59,movielens,FORMULA,-0.19661627931923378,-0.5631509578696706,0.0383214231015951,
59,sakila,FORMULA,-0.04745856232522843,-0.28721051259052155,0.14151876095469798,-0.3036421933135835
59,sakila,movielens,0.08439249387982216,-0.6731456008918131,,
60,imdb,FORMULA,-0.13409399963522944,-0.3893218357741266,,
60,imdb,movielens,-0.11658070210239795,-1.0,,
60,imdb,sakila,-0.30173593208505917,-0.9836628449792096,,
60,movielens,FORMULA,-0.1722780621252876,-0.5132162126441064,0.03500461896974675,
60,sakila,FORMULA,-0.061077096252089624,-0.27528205986478677,0.1053270862304426,-0.30550504633038916
60,sakila,movielens,0.08439249387982216,-0.6731456008918131,,
61,imdb,FORMULA,-0.13409399963522944,-0.3893218357741266,,
61,imdb,movielens,-0.11658070210239795,-1.0,,
61,imdb,sakila,-0.296500068033553,-0.98355268619674,,
61,movielens,FORMULA,-0.1722780621252876,-0.5132162126441064,0.03500461896974675,
61,sakila,FORMULA,-0.03957103146919209,-0.26604643759952257,0.08571428571428569,-0.3278719262151
61,sakila,movielens,0.057890056749044495,-0.7129335394540554,,
62,imdb,FORMULA,-0.13409399963522944,-0.3893218357741266,,
62,imdb,movielens,-0.11658070210239795,-1.0,,
62,imdb,sakila,-0.296500068033553,-0.98355268619674,,
62,movielens,FORMULA,-0.1722780621252876,-0.5132162126441064,0.03500461896974675,
62,sakila,FORMULA,-0.03957103146919209,-0.26604643759952257,0.08571428571428569,-0.3278719262151
62,sakila,movielens,0.057890056749044495,-0.7129335394540554,,
63,imdb,FORMULA,-0.3036385874332862,-0.7232993626003604,,
63,imdb,movielens,-0.11658070210239795,-1.0,,
63,imdb,sakila,-0.296500068033553,-0.98355268619674,,
63,movielens,FORMULA,-0.06955818137902836,-0.6063055437504516,0.08837788686981587,
63,sakila,FORMULA,-0.26563944849735316,-0.5667099405017441,0.2130214807490178,-0.44721359549995787
63,sakila,movielens,0.057890056749044495,-0.7129335394540554,,
64,imdb,FORMULA,-0.29503351694240243,-0.7134261383325917,0.09249945801257606,
64,imdb,movielens,-0.07874992309581594,-0.9612039551927885,,
64,imdb,sakila,-0.303531602236516,-0.9838513031590129,-0.022680460581325612,-1.0000000000000002
64,movielens,FORMULA,-0.06955818137902836,-0.6063055437504516,0.08837788686981587,
64,sakila,FORMULA,-0.26030823671882936,-0.5618116806309057,0.25050552967964423,-0.4127594582445936
64,sakila,movielens,0.08661513070203695,-0.6727789971063073,,
65,imdb,FORMULA,-0.345270651315889,-0.7876724454349332,0.10598896230607675,
65,imdb,movielens,-0.07874992309581594,-0.9612039551927885,,
65,imdb,sakila,-0.303531602236516,-0.9838513031590129,-0.022680460581325612,-1.0000000000000002
65,movielens,FORMULA,-0.0734680299117533,-0.6487903092473792,0.10473137528296365,
65,sakila,FORMULA,-0.3127602505286393,-0.6247026583151726,0.15086730182827135,-0.5931710140017395
65,sakila,movielens,0.08661513070203695,-0.6727789971063073,,
66,imdb,FORMULA,-0.345270651315889,-0.7876724454349332,0.10598896230607675,
66,imdb,movielens,-0.07874992309581594,-0.9612039551927885,,
66,imdb,sakila,-0.303531602236516,-0.9838513031590129,-0.022680460581325612,-1.0000000000000002
66,movielens,FORMULA,-0.0734680299117533,-0.6487903092473792,0.10473137528296365,
66,sakila,FORMULA,-0.3127602505286393,-0.6247026583151726,0.15086730182827135,-0.5931710140017395
66,sakila,movielens,0.08661513070203695,-0.6727789971063073,,
67,imdb,FORMULA,-0.345270651315889,-0.7876724454349332,0.10598896230607675,
67,imdb,movielens,-0.07413671529732149,-0.9595395315108016,,
67,imdb,sakila,-0.31365327732765447,-0.9999999999999999,-0.0187684423525604,-1.0
67,movielens,FORMULA,-0.08567668554327572,-0.669461927004578,,
67,sakila,FORMULA,-0.32041408123451876,-0.6383302831001307,0.08304547985373989,-0.6614378277661476
67,sakila,movielens,-0.01939704476420148,-0.8167604350567423,,
68,imdb,FORMULA,-0.32020778831458757,-0.7972481830891307,,
68,imdb,movielens,-0.11307714781453396,-1.0,,
68,imdb,sakila,-0.30955305817112505,-0.9999999999999999,,
68,movielens,FORMULA,-0.06815210283655652,-0.6687217809220006,,
68,sakila,FORMULA,-0.4003162593129609,-0.7045477913599916,0.08304547985373997,-0.6614378277661476
68,sakila,movielens,-0.01939704476420148,-0.8167604350567423,,
69,imdb,FORMULA,-0.32020778831458757,-0.7972481830891307,,
69,imdb,movielens,-0.11307714781453396,-1.0,,
69,imdb,sakila,-0.30955305817112505,-0.9999999999999999,,
69,movielens,FORMULA,-0.06815210283655652,-0.6687217809220006,,
69,sakila,FORMULA,-0.4003162593129609,-0.7045477913599916,0.08304547985373997,-0.6614378277661476
69,sakila,movielens,-0.01939704476420148,-0.8167604350567423,,
70,imdb,FORMULA,-0.4045199174779455,-0.9999999999999998,,
70,imdb,movielens,-0.11307714781453396,-1.0,,
70,imdb,sakila,-0.30955305817112505,-0.9999999999999999,,
70,movielens,FORMULA,-0.2348087203132268,-1.0000000000000002,,
70,sakila,FORMULA,-0.6273250416031729,-0.9905360646879087,,
70,sakila,movielens,-0.01939704476420148,-0.8167604350567423,,
71,imdb,FORMULA,-0.4045199174779455,-0.9999999999999998,,
71,imdb,movielens,-0.11307714781453396,-1.0,,
71,imdb,sakila,-0.30955305817112505,-0.9999999999999999,,
71,movielens,FORMULA,-0.2348087203132268,-1.0000000000000002,,
71,sakila,FORMULA,-0.6273250416031729,-0.9905360646879087,,
71,sakila,movielens,-0.01939704476420148,-0.8167604350567423,,
72,imdb,FORMULA,-0.4015751218403868,-1.0,,
72,imdb,movielens,-0.11307714781453396,-1.0,,
72,imdb,sakila,-0.30955305817112505,-0.9999999999999999,,
72,movielens,FORMULA,-0.23309937630972208,-1.0000000000000002,,
72,sakila,FORMULA,-0.6226354028334723,-0.990504367026668,,
72,sakila,movielens,-0.01939704476420148,-0.8167604350567423,,
73,imdb,FORMULA,-0.4015751218403868,-1.0,,
73,imdb,movielens,-0.11307714781453396,-1.0,,
73,imdb,sakila,-0.30955305817112505,-0.9999999999999999,,
73,movielens,FORMULA,-0.23309937630972208,-1.0000000000000002,,
73,sakila,FORMULA,-0.6226354028334723,-0.990504367026668,,
73,sakila,movielens,-0.01939704476420148,-0.8167604350567423,,
74,imdb,FORMULA,-0.4045199174779455,-0.9999999999999998,,
74,imdb,movielens,-0.11307714781453396,-1.0,,
74,imdb,sakila,-0.30955305817112505,-0.9999999999999999,,
74,movielens,FORMULA,-0.2348087203132268,-1.0000000000000002,,
74,sakila,FORMULA,-0.627325041603173,-0.9905360646879087,,
74,sakila,movielens,-0.01939704476420148,-0.8167604350567423,,
75,imdb,FORMULA,-0.4074825292937056,-0.9999999999999998,,
75,imdb,movielens,-0.11307714781453396,-1.0,,
75,imdb,sakila,-0.30955305817112505,-0.9999999999999999,,
75,movielens,FORMULA,-0.23652840594349336,-1.0000000000000002,,
75,sakila,FORMULA,-0.6320421535561814,-0.9905672621829068,,
75,sakila,movielens,-0.01939704476420148,-0.8167604350567423,,
76,imdb,FORMULA,-0.4074825292937056,-0.9999999999999998,,
76,imdb,movielens,-0.11307714781453396,-1.0,,
76,imdb,sakila,-0.30955305817112505,-0.9999999999999999,,
76,movielens,FORMULA,-0.23652840594349336,-1.0000000000000002,,
76,sakila,FORMULA,-0.6320421535561814,-0.9905672621829068,,
76,sakila,movielens,-0.01939704476420148,-0.8167604350567423,,
77,imdb,FORMULA,-0.40987803063838363,-0.9999999999999998,,
77,imdb,movielens,-0.11457492364131493,-1.0,,
77,imdb,sakila,-0.3034196632776,-1.0,,
77,movielens,FORMULA,-0.23480872031322667,-1.0000000000000002,,
77,sakila,FORMULA,-0.6218252702059213,-1.0000000000000002,,
77,sakila,movielens,-0.10894689643157278,-0.9284766908852596,,
78,imdb,FORMULA,-0.40987803063838363,-0.9999999999999998,,
78,imdb,movielens,-0.11457492364131493,-1.0,,
78,imdb,sakila,-0.3034196632776,-1.0,,
78,movielens,FORMULA,-0.23480872031322667,-1.0000000000000002,,
78,sakila,FORMULA,-0.6218252702059213,-1.0000000000000002,,
78,sakila,movielens,-0.10894689643157278,-0.9284766908852596,,
79,imdb,FORMULA,-0.40451991747794547,-0.9999999999999998,,
79,imdb,movielens,-0.11307714781453396,-1.0,,
79,imdb,sakila,-0.2994532226064293,-0.9999999999999999,,
79,movielens,FORMULA,-0.23480872031322667,-1.0000000000000002,,
79,sakila,FORMULA,-0.6218252702059213,-1.0000000000000002,,
79,sakila,movielens,-0.10894689643157278,-0.9284766908852596,,
80,imdb,FORMULA,-0.40451991747794547,-0.9999999999999998,,
80,imdb,movielens,-0.11307714781453396,-1.0,,
80,imdb,sakila,-0.2994532226064293,-0.9999999999999999,,
80,movielens,FORMULA,-0.23480872031322667,-1.0000000000000002,,
80,sakila,FORMULA,-0.6218252702059213,-1.0000000000000002,,
80,sakila,movielens,-0.07650963276909803,-0.8917016574178748,,
81,imdb,FORMULA,-0.4074825292937056,-0.9999999999999998,,
81,imdb,movielens,-0.11307714781453396,-1.0,,
81,imdb,sakila,-0.2994532226064293,-0.9999999999999999,,
81,movielens,FORMULA,-0.23652840594349336,-1.0000000000000002,,
81,sakila,FORMULA,-0.6263793769711358,-1.0000000000000002,,
81,sakila,movielens,-0.07650963276909804,-0.8917016574178748,,
82,imdb,FORMULA,-0.40451991747794547,-0.9999999999999998,,
82,imdb,movielens,-0.11307714781453396,-1.0,,
82,imdb,sakila,-0.2969427266525067,-0.9999999999999999,,
82,movielens,FORMULA,-0.23480872031322667,-1.0000000000000002,,
82,sakila,FORMULA,-0.6166121360432256,-1.0000000000000002,,
82,sakila,movielens,-0.13982483650933453,-0.9644856443408241,,
83,imdb,FORMULA,-0.40987803063838363,-0.9999999999999998,,
83,imdb,movielens,-0.114574923641315,-1.0,,
83,imdb,sakila,-0.30087591427276755,-1.0,,
83,movielens,FORMULA,-0.23480872031322667,-1.0000000000000002,,
83,sakila,FORMULA,-0.6166121360432256,-1.0000000000000002,,
83,sakila,movielens,-0.13982483650933453,-0.9644856443408241,,
84,imdb,FORMULA,-0.40987803063838363,-0.9999999999999998,,
84,imdb,movielens,-0.114574923641315,-1.0,,
84,imdb,sakila,-0.30087591427276755,-1.0,,
84,movielens,FORMULA,-0.23480872031322667,-1.0000000000000002,,
84,sakila,FORMULA,-0.6166121360432256,-1.0000000000000002,,
84,sakila,movielens,-0.13982483650933453,-0.9644856443408241,,
85,imdb,FORMULA,-0.40987803063838363,-0.9999999999999998,,
85,imdb,movielens,-0.114574923641315,-1.0,,
85,imdb,sakila,-0.2958039891549811,-1.0,,
85,movielens,FORMULA,-0.23480872031322667,-1.0000000000000002,,
85,sakila,FORMULA,-0.6062177826491073,-1.0,,
85,sakila,movielens,-0.16945859735114122,-0.9999999999999999,,
86,imdb,FORMULA,-0.40451991747794547,-0.9999999999999998,,
86,imdb,movielens,-0.11307714781453396,-1.0,,
86,imdb,sakila,-0.29193710406057133,-0.9999999999999999,,
86,movielens,FORMULA,-0.23480872031322667,-1.0000000000000002,,
86,sakila,FORMULA,-0.6062177826491073,-1.0,,
86,sakila,movielens,-0.16945859735114122,-0.9999999999999999,,
87,imdb,FORMULA,-0.40451991747794547,-0.9999999999999998,,
87,imdb,movielens,-0.11307714781453396,-1.0,,
87,imdb,sakila,-0.2919371040605713,-0.9999999999999999,,
87,movielens,FORMULA,-0.23480872031322667,-1.0000000000000002,,
87,sakila,FORMULA,-0.6062177826491076,-1.0,,
87,sakila,movielens,-0.16945859735114122,-0.9999999999999999,,
88,imdb,FORMULA,-0.40451991747794547,-0.9999999999999998,,
88,imdb,movielens,-0.11307714781453396,-1.0,,
88,imdb,sakila,-0.29193710406057133,-0.9999999999999999,,
88,movielens,FORMULA,-0.2348087203132268,-1.0000000000000002,,
88,sakila,FORMULA,-0.6062177826491073,-1.0,,
88,sakila,movielens,-0.16945859735114122,-0.9999999999999999,,
89,imdb,FORMULA,-0.40451991747794536,-0.9999999999999998,,
89,imdb,movielens,-0.11307714781453396,-1.0,,
89,imdb,sakila,-0.29193710406057133,-0.9999999999999999,,
89,movielens,FORMULA,-0.23480872031322678,-1.0000000000000002,,
89,sakila,FORMULA,-0.6062177826491068,-1.0,,
89,sakila,movielens,-0.16945859735114116,-0.9999999999999999,,
90,imdb,FORMULA,-0.40451991747794536,-0.9999999999999998,,
90,imdb,movielens,-0.11307714781453396,-1.0,,
90,imdb,sakila,-0.29193710406057133,-0.9999999999999999,,
90,movielens,FORMULA,-0.23480872031322678,-1.0000000000000002,,
90,sakila,FORMULA,-0.6062177826491068,-1.0,,
90,sakila,movielens,-0.16945859735114116,-0.9999999999999999,,
91,imdb,FORMULA,-0.4074825292937056,-0.9999999999999998,,
91,imdb,movielens,-0.11307714781453396,-1.0,,
91,imdb,sakila,-0.29193710406057133,-0.9999999999999999,,
91,movielens,FORMULA,-0.23652840594349336,-1.0000000000000002,,
91,sakila,FORMULA,-0.6106575837273772,-1.0,,
91,sakila,movielens,-0.16945859735114116,-0.9999999999999999,,
92,imdb,FORMULA,-0.40451991747794536,-0.9999999999999998,,
92,imdb,movielens,-0.11307714781453396,-1.0,,
92,imdb,sakila,-0.29193710406057133,-0.9999999999999999,,
92,movielens,FORMULA,-0.23480872031322678,-1.0000000000000002,,
92,sakila,FORMULA,-0.6062177826491068,-1.0,,
92,sakila,movielens,-0.16945859735114116,-0.9999999999999999,,
93,imdb,FORMULA,-0.40451991747794547,-0.9999999999999998,,
93,imdb,movielens,-0.11307714781453396,-1.0,,
93,imdb,sakila,-0.29443744887622736,-0.9999999999999999,,
93,movielens,FORMULA,-0.2348087203132267,-1.0000000000000002,,
93,sakila,FORMULA,-0.6114098376120521,-1.0000000000000002,,
93,sakila,movielens,-0.17090995423405214,-1.0,,
94,imdb,FORMULA,-0.40451991747794536,-0.9999999999999998,,
94,imdb,movielens,-0.11307714781453396,-1.0,,
94,imdb,sakila,-0.29193710406057133,-0.9999999999999999,,
94,movielens,FORMULA,-0.23480872031322675,-1.0000000000000002,,
94,sakila,FORMULA,-0.6062177826491068,-1.0,,
94,sakila,movielens,-0.16945859735114122,-0.9999999999999999,,
95,imdb,FORMULA,-0.4098780306383837,-0.9999999999999998,,
95,imdb,movielens,-0.11457492364131493,-1.0,,
95,imdb,sakila,-0.29580398915498074,-1.0,,
95,movielens,FORMULA,-0.23480872031322675,-1.0000000000000002,,
95,sakila,FORMULA,-0.6062177826491071,-1.0,,
95,sakila,movielens,-0.16945859735114122,-0.9999999999999999,,
96,imdb,FORMULA,-0.40451991747794536,-0.9999999999999998,,
96,imdb,movielens,-0.11307714781453396,-1.0,,
96,imdb,sakila,-0.29193710406057116,-0.9999999999999999,,
96,movielens,FORMULA,-0.23480872031322675,-1.0000000000000002,,
96,sakila,FORMULA,-0.6062177826491068,-1.0,,
96,sakila,movielens,-0.16945859735114116,-0.9999999999999999,,
97,imdb,FORMULA,-0.4074825292937056,-0.9999999999999998,,
97,imdb,movielens,-0.11307714781453396,-1.0,,
97,imdb,sakila,-0.29443744887622736,-0.9999999999999999,,
97,movielens,FORMULA,-0.23652840594349336,-1.0000000000000002,,
97,sakila,FORMULA,-0.6158876641192728,-1.0000000000000002,,
97,sakila,movielens,-0.17090995423405214,-1.0,,
98,imdb,FORMULA,-0.40451991747794547,-0.9999999999999998,,
98,imdb,movielens,-0.11307714781453396,-1.0,,
98,imdb,sakila,-0.29193710406057133,-0.9999999999999999,,
98,movielens,FORMULA,-0.23480872031322667,-1.0000000000000002,,
98,sakila,FORMULA,-0.6062177826491073,-1.0,,
98,sakila,movielens,-0.16945859735114116,-0.9999999999999999,,
99,imdb,FORMULA,-0.4045199174779455,-0.9999999999999998,,
99,imdb,movielens,-0.11307714781453396,-1.0,,
99,imdb,sakila,-0.2919371040605712,-0.9999999999999999,,
99,movielens,FORMULA,-0.23480872031322675,-1.0000000000000002,,
99,sakila,FORMULA,-0.6062177826491074,-1.0,,
99,sakila,movielens,-0.1694585973511412,-0.9999999999999999,,
